unit	entry	level	scc	loc	authority (under /Users/nickm/git/deeptools-src)	extract_lines (crustify-senpass/cpp/sentient.cpp)	rust_home	calls
e001_invalidate	001/656	0	13	5	dcc/src/Transform/Sentient/AddressPinningAndToggle.cpp:271	27-32	crates/compiler/deeptools/src/transform/sentient/address_pinning_and_toggle/mod.rs	-
e002_getAllConstants	002/656	0	16	4	dcc/src/Transform/Sentient/AddressPinningAndToggle.cpp:330	41-45	crates/compiler/deeptools/src/transform/sentient/address_pinning_and_toggle/mod.rs	-
e003_invalidate	003/656	0	20	6	dcc/src/Transform/Sentient/AddressPinningAndToggle.cpp:416	54-60	crates/compiler/deeptools/src/transform/sentient/address_pinning_and_toggle/mod.rs	-
e004_invalidate	004/656	0	23	5	dcc/src/Transform/Sentient/AddressPinningAndToggle.cpp:507	69-74	crates/compiler/deeptools/src/transform/sentient/address_pinning_and_toggle/mod.rs	-
e005_invalidate	005/656	0	26	4	dcc/src/Transform/Sentient/AddressPinningAndToggle.cpp:600	83-87	crates/compiler/deeptools/src/transform/sentient/address_pinning_and_toggle/mod.rs	-
e006_dtor_DataTransferDescriptor	006/656	0	27	3	dcc/src/Transform/Sentient/AddressPinningAndToggle.cpp:645	96-99	crates/compiler/deeptools/src/transform/sentient/address_pinning_and_toggle/mod.rs	-
e007_isPartOfSomeChain	007/656	0	36	5	dcc/src/Transform/Sentient/AddressPinningAndToggle.cpp:901	108-113	crates/compiler/deeptools/src/transform/sentient/address_pinning_and_toggle/mod.rs	-
e008_setChainingInfo	008/656	0	39	10	dcc/src/Transform/Sentient/AddressPinningAndToggle.cpp:945	122-133	crates/compiler/deeptools/src/transform/sentient/address_pinning_and_toggle/mod.rs	-
e009_createOffsetValue	009/656	0	40	14	dcc/src/Transform/Sentient/AddressPinningAndToggle.cpp:1017	142-156	crates/compiler/deeptools/src/transform/sentient/address_pinning_and_toggle/mod.rs	-
e010_updateVariableOffsetCalculation	010/656	0	41	3	dcc/src/Transform/Sentient/AddressPinningAndToggle.cpp:1065	165-169	crates/compiler/deeptools/src/transform/sentient/address_pinning_and_toggle/mod.rs	-
e011_getOffset	011/656	0	43	4	dcc/src/Transform/Sentient/AddressPinningAndToggle.cpp:1104	178-182	crates/compiler/deeptools/src/transform/sentient/address_pinning_and_toggle/mod.rs	-
e012_getOffset	012/656	0	44	4	dcc/src/Transform/Sentient/AddressPinningAndToggle.cpp:1133	191-195	crates/compiler/deeptools/src/transform/sentient/address_pinning_and_toggle/mod.rs	-
e013_getOffset	013/656	0	45	4	dcc/src/Transform/Sentient/AddressPinningAndToggle.cpp:1163	204-208	crates/compiler/deeptools/src/transform/sentient/address_pinning_and_toggle/mod.rs	-
e014_dump	014/656	0	69	8	dcc/src/Transform/Sentient/AddressPinningAndToggle.cpp:1666	217-225	crates/compiler/deeptools/src/transform/sentient/address_pinning_and_toggle/mod.rs	-
e015_getInit	015/656	0	4	10	dcc/src/Transform/Sentient/AddressPinningAndToggle.cpp:2713	234-244	crates/compiler/deeptools/src/transform/sentient/address_pinning_and_toggle/toggle_descriptor.rs	-
e016_ConditionalConstantDescriptor	016/656	0	52	32	dcc/src/Transform/Sentient/AddressPinningAndToggle.cpp:2744	253-288	crates/compiler/deeptools/src/transform/sentient/address_pinning_and_toggle/conditional_constant_descriptor.rs	-
e017_getOutermostConstInitialization	017/656	0	49	107	dcc/src/Transform/Sentient/AddressPinningAndToggle.cpp:2968	297-406	crates/compiler/deeptools/src/transform/sentient/address_pinning_and_toggle/discrete_integer_set_descriptor.rs	-
e018_getOutermostConstInitAndLoopingChainIncrement	018/656	0	53	168	dcc/src/Transform/Sentient/AddressPinningAndToggle.cpp:3134	415-584	crates/compiler/deeptools/src/transform/sentient/address_pinning_and_toggle/looping_chain_mutable_addr_descriptor.rs	-
e019_initializePrecision	019/656	0	98	11	dcc/src/Transform/Sentient/AddressRegisterPrecisionAssignment.cpp:82	593-605	crates/compiler/deeptools/src/transform/sentient/address_register_precision_assignment/mod.rs	-
e020_assignPrecisionHelper	020/656	0	99	59	dcc/src/Transform/Sentient/AddressRegisterPrecisionAssignment.cpp:99	614-675	crates/compiler/deeptools/src/transform/sentient/address_register_precision_assignment/mod.rs	-
e021_splitBurst	021/656	0	106	47	dcc/src/Transform/Sentient/BurstSplitting.cpp:112	684-732	crates/compiler/deeptools/src/transform/sentient/burst_splitting/mod.rs	-
e022_runOnOperation	022/656	0	110	27	dcc/src/Transform/Sentient/CFGDeepMerging.cpp:62	741-768	crates/compiler/deeptools/src/transform/sentient/cfg_deep_merging/mod.rs	-
e023_incrementLength	023/656	0	111	1	dcc/src/Transform/Sentient/CFGSimplificationSentientLevel.cpp:293	777-778	crates/compiler/deeptools/src/transform/sentient/cfg_simplification_sentient_level/mod.rs	-
e024_incrementIntervalMarker	024/656	0	112	5	dcc/src/Transform/Sentient/CFGSimplificationSentientLevel.cpp:297	787-792	crates/compiler/deeptools/src/transform/sentient/cfg_simplification_sentient_level/mod.rs	-
e025_getIntervalStride	025/656	0	113	5	dcc/src/Transform/Sentient/CFGSimplificationSentientLevel.cpp:302	801-806	crates/compiler/deeptools/src/transform/sentient/cfg_simplification_sentient_level/mod.rs	-
e026_changeToDefaultValue	026/656	0	114	6	dcc/src/Transform/Sentient/CFGSimplificationSentientLevel.cpp:316	815-821	crates/compiler/deeptools/src/transform/sentient/cfg_simplification_sentient_level/mod.rs	-
e027_print	027/656	0	115	11	dcc/src/Transform/Sentient/CFGSimplificationSentientLevel.cpp:323	830-841	crates/compiler/deeptools/src/transform/sentient/cfg_simplification_sentient_level/mod.rs	-
e028_getPrevVal	028/656	0	116	4	dcc/src/Transform/Sentient/CFGSimplificationSentientLevel.cpp:380	850-854	crates/compiler/deeptools/src/transform/sentient/cfg_simplification_sentient_level/mod.rs	-
e029_getEV	029/656	0	118	6	dcc/src/Transform/Sentient/CFGSimplificationSentientLevel.cpp:473	863-869	crates/compiler/deeptools/src/transform/sentient/cfg_simplification_sentient_level/mod.rs	-
e030_isFull	030/656	0	121	5	dcc/src/Transform/Sentient/CFGSimplificationSentientLevel.cpp:527	878-883	crates/compiler/deeptools/src/transform/sentient/cfg_simplification_sentient_level/mod.rs	-
e031_populateTable	031/656	0	144	90	dcc/src/Transform/Sentient/CFGSimplificationSentientLevel.cpp:924	892-984	crates/compiler/deeptools/src/transform/sentient/cfg_simplification_sentient_level/pattern_simplification_manager.rs	-
e032_findExistingIterArg	032/656	0	130	78	dcc/src/Transform/Sentient/CFGSimplificationSentientLevel.cpp:1455	993-1077	crates/compiler/deeptools/src/transform/sentient/cfg_simplification_sentient_level/pattern_simplification_manager.rs	-
e033_replaceResultByIterArg	033/656	0	131	8	dcc/src/Transform/Sentient/CFGSimplificationSentientLevel.cpp:1541	1086-1095	crates/compiler/deeptools/src/transform/sentient/cfg_simplification_sentient_level/pattern_simplification_manager.rs	-
e034_replaceIfOpByIterArg	034/656	0	129	8	dcc/src/Transform/Sentient/CFGSimplificationSentientLevel.cpp:1552	1104-1113	crates/compiler/deeptools/src/transform/sentient/cfg_simplification_sentient_level/pattern_simplification_manager.rs	-
e035_replacePredicateIVByIterArg	035/656	0	136	8	dcc/src/Transform/Sentient/CFGSimplificationSentientLevel.cpp:1563	1122-1131	crates/compiler/deeptools/src/transform/sentient/cfg_simplification_sentient_level/pattern_simplification_manager.rs	-
e036_checkCascadingArgUses	036/656	0	135	10	dcc/src/Transform/Sentient/CFGSimplificationSentientLevel.cpp:1576	1140-1155	crates/compiler/deeptools/src/transform/sentient/cfg_simplification_sentient_level/pattern_simplification_manager.rs	-
e037_replaceXRFImplicitIncrWithAdd	037/656	0	146	57	dcc/src/Transform/Sentient/CanonicalizeXRFPointers.cpp:78	1164-1222	crates/compiler/deeptools/src/transform/sentient/canonicalize_xrf_pointers/mod.rs	-
e038_replaceConstXRFExpressions	038/656	0	147	33	dcc/src/Transform/Sentient/CanonicalizeXRFPointers.cpp:137	1231-1265	crates/compiler/deeptools/src/transform/sentient/canonicalize_xrf_pointers/mod.rs	-
e039_existsInCollection	039/656	0	149	8	dcc/src/Transform/Sentient/Deuniform.cpp:128	1274-1284	crates/compiler/deeptools/src/transform/sentient/deuniform/mod.rs	-
e040_addToWorkListAndUpdateAssignment	040/656	0	159	31	dcc/src/Transform/Sentient/EnhancedDeadVariableElimination.cpp:66	1293-1327	crates/compiler/deeptools/src/transform/sentient/enhanced_dead_variable_elimination/mod.rs	-
e041_getInfluenceType	041/656	0	163	8	dcc/src/Transform/Sentient/EnhancedDeadVariableElimination.cpp:102	1336-1345	crates/compiler/deeptools/src/transform/sentient/enhanced_dead_variable_elimination/mod.rs	-
e042_printAssignments	042/656	0	171	12	dcc/src/Transform/Sentient/EnhancedDeadVariableElimination.cpp:112	1354-1366	crates/compiler/deeptools/src/transform/sentient/enhanced_dead_variable_elimination/mod.rs	-
e043_removeConstantIterArgs	043/656	0	158	19	dcc/src/Transform/Sentient/EnhancedDeadVariableElimination.cpp:690	1375-1394	crates/compiler/deeptools/src/transform/sentient/enhanced_dead_variable_elimination/mod.rs	-
e044_isOperationADef	044/656	0	180	6	dcc/src/Transform/Sentient/ImplicitSyncRE.cpp:94	1403-1409	crates/compiler/deeptools/src/transform/sentient/implicit_sync_re/implicit_sync_rde_tree.rs	-
e045_initializeDataflowInfo	045/656	0	181	12	dcc/src/Transform/Sentient/ImplicitSyncRE.cpp:101	1418-1430	crates/compiler/deeptools/src/transform/sentient/implicit_sync_re/implicit_sync_rde_tree.rs	-
e046_isSimplifiable	046/656	0	182	7	dcc/src/Transform/Sentient/ImplicitSyncRE.cpp:114	1439-1446	crates/compiler/deeptools/src/transform/sentient/implicit_sync_re/implicit_sync_rde_tree.rs	-
e047_isEqual	047/656	0	183	7	dcc/src/Transform/Sentient/ImplicitSyncRE.hpp:28	1455-1462	crates/compiler/deeptools/src/transform/sentient/implicit_sync_re/mod.rs	-
e048_copyTo	048/656	0	184	7	dcc/src/Transform/Sentient/ImplicitSyncRE.hpp:35	1471-1478	crates/compiler/deeptools/src/transform/sentient/implicit_sync_re/mod.rs	-
e049_print	049/656	0	185	5	dcc/src/Transform/Sentient/ImplicitSyncRE.hpp:49	1487-1492	crates/compiler/deeptools/src/transform/sentient/implicit_sync_re/mod.rs	-
e050_isOperationAUse	050/656	0	186	5	dcc/src/Transform/Sentient/ImplicitSyncRE.hpp:66	1501-1506	crates/compiler/deeptools/src/transform/sentient/implicit_sync_re/mod.rs	-
e051_runOn	051/656	0	188	89	dcc/src/Transform/Sentient/LexicalOrdering.cpp:113	1515-1604	crates/compiler/deeptools/src/transform/sentient/lexical_ordering/mod.rs	-
e052_addOrSubWithZeroSimplification	052/656	0	191	22	dcc/src/Transform/Sentient/LightweightSimplification.cpp:51	1613-1636	crates/compiler/deeptools/src/transform/sentient/lightweight_simplification/mod.rs	-
e053_constantValueSimplification	053/656	0	192	11	dcc/src/Transform/Sentient/LightweightSimplification.cpp:75	1645-1659	crates/compiler/deeptools/src/transform/sentient/lightweight_simplification/mod.rs	-
e054_coalesceScalarArithSimplification	054/656	0	193	62	dcc/src/Transform/Sentient/LightweightSimplification.cpp:90	1668-1733	crates/compiler/deeptools/src/transform/sentient/lightweight_simplification/mod.rs	-
e055_simplifyTrivialLoop	055/656	0	194	19	dcc/src/Transform/Sentient/LightweightSimplification.cpp:158	1742-1761	crates/compiler/deeptools/src/transform/sentient/lightweight_simplification/mod.rs	-
e056_set	056/656	0	204	5	dcc/src/Transform/Sentient/LiveRangeReduction.cpp:118	1770-1776	crates/compiler/deeptools/src/transform/sentient/live_range_reduction/mod.rs	-
e057_print	057/656	0	205	14	dcc/src/Transform/Sentient/LiveRangeReduction.cpp:141	1785-1799	crates/compiler/deeptools/src/transform/sentient/live_range_reduction/mod.rs	-
e058_areElementSizeIdentical	058/656	0	210	9	dcc/src/Transform/Sentient/LiveRangeReduction.cpp:466	1808-1817	crates/compiler/deeptools/src/transform/sentient/live_range_reduction/mod.rs	-
e059_getFirstGlobalOrConstantAncestor	059/656	0	219	56	dcc/src/Transform/Sentient/LiveRangeReduction.cpp:1107	1826-1883	crates/compiler/deeptools/src/transform/sentient/live_range_reduction/mod.rs	-
e060_areReglocalesMatching	060/656	0	211	5	dcc/src/Transform/Sentient/LiveRangeReduction.cpp:1261	1892-1897	crates/compiler/deeptools/src/transform/sentient/live_range_reduction/mod.rs	-
e061_addLocalRegion	061/656	0	223	3	dcc/src/Transform/Sentient/LocalRegionSplittingForValueCommoning.cpp:166	1906-1909	crates/compiler/deeptools/src/transform/sentient/local_region_splitting_for_value_commoning/mod.rs	-
e062_collectUniformMaps	062/656	0	224	19	dcc/src/Transform/Sentient/LocalRegionSplittingForValueCommoning.cpp:308	1918-1939	crates/compiler/deeptools/src/transform/sentient/local_region_splitting_for_value_commoning/mod.rs	-
e063_getMaxRegNum	063/656	0	225	15	dcc/src/Transform/Sentient/LocalRegionSplittingForValueCommoning.cpp:440	1948-1964	crates/compiler/deeptools/src/transform/sentient/local_region_splitting_for_value_commoning/mod.rs	-
e064_dump	064/656	0	231	10	dcc/src/Transform/Sentient/LocalRegionSplittingForValueCommoning.cpp:457	1973-1983	crates/compiler/deeptools/src/transform/sentient/local_region_splitting_for_value_commoning/local_region.rs	-
e065_dump	065/656	0	230	6	dcc/src/Transform/Sentient/LocalRegionSplittingForValueCommoning.cpp:468	1992-1998	crates/compiler/deeptools/src/transform/sentient/local_region_splitting_for_value_commoning/uniform_region.rs	-
e066_LoopAbsorptionManager	066/656	0	235	6	dcc/src/Transform/Sentient/LoopAbsorption.cpp:37	2007-2022	crates/compiler/deeptools/src/transform/sentient/loop_absorption/loop_absorption_manager.rs	-
e067_updateLoopBound	067/656	0	236	48	dcc/src/Transform/Sentient/LoopAbsorption.cpp:58	2031-2079	crates/compiler/deeptools/src/transform/sentient/loop_absorption/loop_absorption_manager.rs	-
e068_doChildrenLeftSiblingSubtreeHeightsMatch	068/656	0	237	12	dcc/src/Transform/Sentient/LoopAbsorption.cpp:122	2088-2100	crates/compiler/deeptools/src/transform/sentient/loop_absorption/loop_absorption_manager.rs	-
e069_doChildrenRightSiblingSubtreeHeightsMatch	069/656	0	240	12	dcc/src/Transform/Sentient/LoopAbsorption.cpp:269	2109-2121	crates/compiler/deeptools/src/transform/sentient/loop_absorption/loop_absorption_manager.rs	-
e070_removeNodesFromWorklistAndTree	070/656	0	243	7	dcc/src/Transform/Sentient/LoopAbsorption.cpp:410	2130-2138	crates/compiler/deeptools/src/transform/sentient/loop_absorption/loop_absorption_manager.rs	-
e071_getLargestDivisor	071/656	0	249	27	dcc/src/Transform/Sentient/LoopCoalescing.cpp:379	2147-2174	crates/compiler/deeptools/src/transform/sentient/loop_coalescing/mod.rs	-
e072_isAllLessThanMax	072/656	0	251	6	dcc/src/Transform/Sentient/LoopCoalescing.cpp:408	2183-2190	crates/compiler/deeptools/src/transform/sentient/loop_coalescing/mod.rs	-
e073_getNontrivialOpsInLoop	073/656	0	254	9	dcc/src/Transform/Sentient/LoopEliminationViaRerolling.cpp:59	2199-2209	crates/compiler/deeptools/src/transform/sentient/loop_elimination_via_rerolling/mod.rs	-
e074_checkOperandsOfComputeOp	074/656	0	255	39	dcc/src/Transform/Sentient/LoopEliminationViaRerolling.cpp:74	2218-2258	crates/compiler/deeptools/src/transform/sentient/loop_elimination_via_rerolling/mod.rs	-
e075_getNextEligibleOp	075/656	0	262	11	dcc/src/Transform/Sentient/LoopMerging.cpp:63	2267-2278	crates/compiler/deeptools/src/transform/sentient/loop_merging/mod.rs	-
e076_getNewDbgName	076/656	0	263	6	dcc/src/Transform/Sentient/LoopMerging.cpp:75	2287-2294	crates/compiler/deeptools/src/transform/sentient/loop_merging/mod.rs	-
e077_isIncrementField	077/656	0	269	12	dcc/src/Transform/Sentient/LoopRolling.cpp:67	2303-2315	crates/compiler/deeptools/src/transform/sentient/loop_rolling/mod.rs	-
e078_setEffectiveStart	078/656	0	271	4	dcc/src/Transform/Sentient/LoopRolling.cpp:134	2324-2328	crates/compiler/deeptools/src/transform/sentient/loop_rolling/mod.rs	-
e079_checkOpUsage	079/656	0	272	11	dcc/src/Transform/Sentient/LoopRolling.cpp:144	2337-2348	crates/compiler/deeptools/src/transform/sentient/loop_rolling/mod.rs	-
e080_getOperandKind	080/656	0	275	6	dcc/src/Transform/Sentient/LoopRolling.cpp:189	2357-2363	crates/compiler/deeptools/src/transform/sentient/loop_rolling/mod.rs	-
e081_deleteMatchedOps	081/656	0	276	4	dcc/src/Transform/Sentient/LoopRolling.cpp:233	2372-2376	crates/compiler/deeptools/src/transform/sentient/loop_rolling/mod.rs	-
e082_updateEndOpsOfMatchedOps	082/656	0	277	7	dcc/src/Transform/Sentient/LoopRolling.cpp:240	2385-2392	crates/compiler/deeptools/src/transform/sentient/loop_rolling/mod.rs	-
e083_computeValsIfDifferent	083/656	0	278	62	dcc/src/Transform/Sentient/LoopRolling.cpp:254	2401-2464	crates/compiler/deeptools/src/transform/sentient/loop_rolling/mod.rs	-
e084_updateBody	084/656	0	283	70	dcc/src/Transform/Sentient/LoopRolling.cpp:684	2473-2544	crates/compiler/deeptools/src/transform/sentient/loop_rolling/mod.rs	-
e085_replaceIterArgsAndYieldResults	085/656	0	287	13	dcc/src/Transform/Sentient/LoopSplittingAndUnrolling.cpp:132	2553-2567	crates/compiler/deeptools/src/transform/sentient/loop_splitting_and_unrolling/mod.rs	-
e086_isOkToUnroll	086/656	0	289	47	dcc/src/Transform/Sentient/LoopSplittingAndUnrolling.cpp:159	2576-2623	crates/compiler/deeptools/src/transform/sentient/loop_splitting_and_unrolling/mod.rs	-
e087_cleanupAndRecalculate	087/656	0	291	37	dcc/src/Transform/Sentient/LoopSplittingAndUnrolling.cpp:295	2632-2671	crates/compiler/deeptools/src/transform/sentient/loop_splitting_and_unrolling/mod.rs	-
e088_ifOpUsesIV	088/656	0	292	10	dcc/src/Transform/Sentient/LoopSplittingAndUnrolling.cpp:455	2680-2690	crates/compiler/deeptools/src/transform/sentient/loop_splitting_and_unrolling/mod.rs	-
e089_hasIfOps	089/656	0	299	12	dcc/src/Transform/Sentient/LoopSplittingAndUnrolling.cpp:466	2699-2711	crates/compiler/deeptools/src/transform/sentient/loop_splitting_and_unrolling/mod.rs	-
e090_evaluatePredicate	090/656	0	294	33	dcc/src/Transform/Sentient/LoopSplittingAndUnrolling.cpp:552	2720-2754	crates/compiler/deeptools/src/transform/sentient/loop_splitting_and_unrolling/mod.rs	-
e091_findAllSplitVals	091/656	0	296	22	dcc/src/Transform/Sentient/LoopSplittingAndUnrolling.cpp:596	2763-2788	crates/compiler/deeptools/src/transform/sentient/loop_splitting_and_unrolling/mod.rs	-
e092_computeReducedCost	092/656	0	293	39	dcc/src/Transform/Sentient/LoopSplittingAndUnrolling.cpp:649	2797-2838	crates/compiler/deeptools/src/transform/sentient/loop_splitting_and_unrolling/mod.rs	-
e093_stringifyPeelingType	093/656	0	306	12	dcc/src/Transform/Sentient/MultiDimLoopPeeling.cpp:93	2847-2859	crates/compiler/deeptools/src/transform/sentient/multi_dim_loop_peeling/mod.rs	-
e094_insertOrUpdatePeelingType	094/656	0	307	20	dcc/src/Transform/Sentient/MultiDimLoopPeeling.cpp:164	2868-2888	crates/compiler/deeptools/src/transform/sentient/multi_dim_loop_peeling/mod.rs	-
e095_decrementPredicatesOnIV	095/656	0	312	27	dcc/src/Transform/Sentient/MultiDimLoopPeeling.cpp:433	2897-2924	crates/compiler/deeptools/src/transform/sentient/multi_dim_loop_peeling/loop_peeling_manager.rs	-
e096_simplifyConditionals	096/656	0	313	11	dcc/src/Transform/Sentient/MultiDimLoopPeeling.cpp:529	2933-2946	crates/compiler/deeptools/src/transform/sentient/multi_dim_loop_peeling/loop_peeling_manager.rs	-
e097_runOn	097/656	0	336	6	dcc/src/Transform/Sentient/MulticastCanonicalization.cpp:83	2955-2961	crates/compiler/deeptools/src/transform/sentient/multicast_canonicalization/mod.rs	-
e098_processDirectMulticast	098/656	0	338	14	dcc/src/Transform/Sentient/MulticastCanonicalization.cpp:121	2970-2986	crates/compiler/deeptools/src/transform/sentient/multicast_canonicalization/mod.rs	-
e099_createNewProducerQMap	099/656	0	339	26	dcc/src/Transform/Sentient/MulticastCanonicalization.cpp:299	2995-3022	crates/compiler/deeptools/src/transform/sentient/multicast_canonicalization/mod.rs	-
e100_runOn	100/656	0	344	14	dcc/src/Transform/Sentient/NOPInsertionForBackToBackSyncs.cpp:66	3031-3045	crates/compiler/deeptools/src/transform/sentient/nop_insertion_for_back_to_back_syncs/mod.rs	-
e101_runOn	101/656	0	346	39	dcc/src/Transform/Sentient/NOPInsertionForBackToBackSyncs.cpp:106	3054-3093	crates/compiler/deeptools/src/transform/sentient/nop_insertion_for_back_to_back_syncs/mod.rs	-
e102_dumpWeights	102/656	0	347	6	dcc/src/Transform/Sentient/OldRegisterInitialization.cpp:145	3102-3108	crates/compiler/deeptools/src/transform/sentient/old_register_initialization/mod.rs	-
e103_totalTripCount	103/656	0	349	15	dcc/src/Transform/Sentient/OldRegisterInitialization.cpp:198	3117-3132	crates/compiler/deeptools/src/transform/sentient/old_register_initialization/register_init_info.rs	-
e104_getRegisterInitPriority	104/656	0	350	36	dcc/src/Transform/Sentient/OldRegisterInitialization.cpp:214	3141-3178	crates/compiler/deeptools/src/transform/sentient/old_register_initialization/register_init_info.rs	-
e105_weightOfSubset	105/656	0	353	9	dcc/src/Transform/Sentient/OldRegisterInitialization.cpp:322	3187-3196	crates/compiler/deeptools/src/transform/sentient/old_register_initialization/register_init_info.rs	-
e106_collectAllRegCoalescingCandidatesImpl	106/656	0	355	18	dcc/src/Transform/Sentient/OldRegisterInitialization.cpp:340	3205-3224	crates/compiler/deeptools/src/transform/sentient/old_register_initialization/register_init_info.rs	-
e107_hasUniformizeRegion	107/656	0	359	11	dcc/src/Transform/Sentient/OldRegisterInitialization.cpp:536	3233-3244	crates/compiler/deeptools/src/transform/sentient/old_register_initialization/register_init_info.rs	-
e108_removeInitAttrFromOps	108/656	0	361	19	dcc/src/Transform/Sentient/OldRegisterInitialization.cpp:686	3253-3272	crates/compiler/deeptools/src/transform/sentient/old_register_initialization/mod.rs	-
e109_eraseDeletedOps	109/656	0	364	4	dcc/src/Transform/Sentient/OldRegisterInitialization.cpp:768	3281-3285	crates/compiler/deeptools/src/transform/sentient/old_register_initialization/mod.rs	-
e110_hasSameAttr	110/656	0	365	7	dcc/src/Transform/Sentient/OldRegisterInitialization.cpp:774	3294-3301	crates/compiler/deeptools/src/transform/sentient/old_register_initialization/mod.rs	-
e111_isWithinGlobalRegion	111/656	0	371	10	dcc/src/Transform/Sentient/OldRegisterInitialization.cpp:1075	3310-3321	crates/compiler/deeptools/src/transform/sentient/old_register_initialization/register_init_candidate_promoter.rs	-
e112_isSameOpType	112/656	0	374	18	dcc/src/Transform/Sentient/OldRegisterInitialization.cpp:1087	3330-3349	crates/compiler/deeptools/src/transform/sentient/old_register_initialization/register_init_candidate_promoter.rs	-
e113_isXrfRdOp	113/656	0	317	11	dcc/src/Transform/Sentient/OpRerolling.cpp:58	3358-3369	crates/compiler/deeptools/src/transform/sentient/op_rerolling/unroll_operands.rs	-
e114_isXrfWtOp	114/656	0	321	9	dcc/src/Transform/Sentient/OpRerolling.cpp:69	3378-3387	crates/compiler/deeptools/src/transform/sentient/op_rerolling/unroll_operands.rs	-
e115_reset	115/656	0	325	31	dcc/src/Transform/Sentient/OpRerolling.cpp:439	3396-3427	crates/compiler/deeptools/src/transform/sentient/op_rerolling/unroll_operands.rs	-
e116_getUnrollOperandUsingPort	116/656	0	322	19	dcc/src/Transform/Sentient/OpRerolling.cpp:471	3436-3456	crates/compiler/deeptools/src/transform/sentient/op_rerolling/unroll_operands.rs	-
e117_fillMemOpAttrs	117/656	0	327	9	dcc/src/Transform/Sentient/OpRerolling.cpp:492	3465-3474	crates/compiler/deeptools/src/transform/sentient/op_rerolling/unroll_operands.rs	-
e118_areOperandsMatching	118/656	0	330	59	dcc/src/Transform/Sentient/OpRerolling.cpp:668	3483-3545	crates/compiler/deeptools/src/transform/sentient/op_rerolling/unroll_operands.rs	-
e119_createOperand	119/656	0	320	11	dcc/src/Transform/Sentient/OpRerolling.cpp:926	3554-3566	crates/compiler/deeptools/src/transform/sentient/op_rerolling/unroll_operands.rs	-
e120_createForwardingArray	120/656	0	319	17	dcc/src/Transform/Sentient/OpRerolling.cpp:939	3575-3593	crates/compiler/deeptools/src/transform/sentient/op_rerolling/unroll_operands.rs	-
e121_dump	121/656	0	381	27	dcc/src/Transform/Sentient/OpRerolling.cpp:966	3602-3629	crates/compiler/deeptools/src/transform/sentient/op_rerolling/unroll_operands.rs	-
e122_incrementUnrollSize	122/656	0	324	1	dcc/src/Transform/Sentient/OpRerolling.hpp:131	3638-3639	crates/compiler/deeptools/src/transform/sentient/op_rerolling/mod.rs	-
e123_clean	123/656	0	383	12	dcc/src/Transform/Sentient/PortAssignment.cpp:80	3648-3660	crates/compiler/deeptools/src/transform/sentient/port_assignment/mod.rs	-
e124_getPortAttr	124/656	0	386	4	dcc/src/Transform/Sentient/PortAssignment.cpp:206	3669-3673	crates/compiler/deeptools/src/transform/sentient/port_assignment/mod.rs	-
e125_getValidPorts	125/656	0	387	254	dcc/src/Transform/Sentient/PortAssignment.cpp:214	3682-3940	crates/compiler/deeptools/src/transform/sentient/port_assignment/mod.rs	-
e126_IsSwappablePerAlgebraicReassociation	126/656	0	388	29	dcc/src/Transform/Sentient/PortAssignment.cpp:606	3949-3978	crates/compiler/deeptools/src/transform/sentient/port_assignment/mod.rs	-
e127_runOn	127/656	0	397	6	dcc/src/Transform/Sentient/ReadOnlyRegisterRenumbering.cpp:102	3987-3993	crates/compiler/deeptools/src/transform/sentient/read_only_register_renumbering/mod.rs	-
e128_doRenumbering	128/656	0	401	15	dcc/src/Transform/Sentient/ReadOnlyRegisterRenumbering.cpp:144	4002-4017	crates/compiler/deeptools/src/transform/sentient/read_only_register_renumbering/mod.rs	-
e129_cleanup	129/656	0	402	1	dcc/src/Transform/Sentient/ReadOnlyRegisterRenumbering.cpp:163	4026-4027	crates/compiler/deeptools/src/transform/sentient/read_only_register_renumbering/mod.rs	-
e130_runOn	130/656	0	403	46	dcc/src/Transform/Sentient/ReadOnlyRegisterRenumbering.cpp:199	4036-4082	crates/compiler/deeptools/src/transform/sentient/read_only_register_renumbering/mod.rs	-
e131_runLocalAnalysis	131/656	0	407	21	dcc/src/Transform/Sentient/RegisterInitialization.cpp:136	4091-4112	crates/compiler/deeptools/src/transform/sentient/register_initialization/mod.rs	-
e132_setNewRegisterIndex	132/656	0	399	4	dcc/src/Transform/Sentient/RegisterPacking.cpp:75	4121-4125	crates/compiler/deeptools/src/transform/sentient/register_packing/mod.rs	-
e133_cleanup	133/656	0	411	1	dcc/src/Transform/Sentient/RegisterPacking.cpp:135	4134-4135	crates/compiler/deeptools/src/transform/sentient/register_packing/mod.rs	-
e134_doRenumbering	134/656	0	412	7	dcc/src/Transform/Sentient/RegisterPacking.cpp:150	4144-4151	crates/compiler/deeptools/src/transform/sentient/register_packing/mod.rs	-
e135_getRegTypeAndIndex	135/656	0	416	22	dcc/src/Transform/Sentient/RegisterPacking.cpp:249	4160-4183	crates/compiler/deeptools/src/transform/sentient/register_packing/mod.rs	-
e136_fillTypedRegCollection	136/656	0	418	31	dcc/src/Transform/Sentient/RegisterPacking.cpp:298	4192-4225	crates/compiler/deeptools/src/transform/sentient/register_packing/mod.rs	-
e137_RegisterTypeAssignmentPass	137/656	0	423	6	dcc/src/Transform/Sentient/RegisterTypeAssignment.cpp:77	4234-4243	crates/compiler/deeptools/src/transform/sentient/register_type_assignment/mod.rs	-
e138_clear	138/656	0	435	6	dcc/src/Transform/Sentient/RegisterTypeAssignment.cpp:222	4252-4258	crates/compiler/deeptools/src/transform/sentient/register_type_assignment/mod.rs	-
e139_getLocale	139/656	0	432	8	dcc/src/Transform/Sentient/RegisterTypeAssignment.cpp:231	4267-4276	crates/compiler/deeptools/src/transform/sentient/register_type_assignment/mod.rs	-
e140_moveToCommonDominator	140/656	0	429	7	dcc/src/Transform/Sentient/RegisterTypeAssignment.cpp:246	4285-4293	crates/compiler/deeptools/src/transform/sentient/register_type_assignment/mod.rs	-
e141_addToWorkList	141/656	0	425	3	dcc/src/Transform/Sentient/RegisterTypeAssignment.cpp:378	4302-4305	crates/compiler/deeptools/src/transform/sentient/register_type_assignment/mod.rs	-
e142_isCopyNeeded	142/656	0	428	10	dcc/src/Transform/Sentient/RegisterTypeAssignment.cpp:382	4314-4325	crates/compiler/deeptools/src/transform/sentient/register_type_assignment/mod.rs	-
e143_updateAssignment	143/656	0	424	3	dcc/src/Transform/Sentient/RegisterTypeAssignment.cpp:394	4334-4338	crates/compiler/deeptools/src/transform/sentient/register_type_assignment/mod.rs	-
e144_printAssignments	144/656	0	440	14	dcc/src/Transform/Sentient/RegisterTypeAssignment.cpp:425	4347-4361	crates/compiler/deeptools/src/transform/sentient/register_type_assignment/mod.rs	-
e145_isCandidateForRematerialization	145/656	0	441	15	dcc/src/Transform/Sentient/RematerializationPass.cpp:60	4370-4385	crates/compiler/deeptools/src/transform/sentient/rematerialization_pass/mod.rs	-
e146_getLastUseWithinBlock	146/656	0	442	20	dcc/src/Transform/Sentient/RematerializationPass.cpp:82	4394-4414	crates/compiler/deeptools/src/transform/sentient/rematerialization_pass/mod.rs	-
e147_runOn	147/656	0	452	7	dcc/src/Transform/Sentient/ReuseLoopIteratorArguments.cpp:94	4423-4430	crates/compiler/deeptools/src/transform/sentient/reuse_loop_iterator_arguments/mod.rs	-
e148_collectResultsOfNonYieldFeedingUsers	148/656	0	455	19	dcc/src/Transform/Sentient/ReuseLoopIteratorArguments.cpp:411	4439-4460	crates/compiler/deeptools/src/transform/sentient/reuse_loop_iterator_arguments/mod.rs	-
e149_collectOpsOfInterest	149/656	0	465	18	dcc/src/Transform/Sentient/ScalarCopyInsertionForSymbols.cpp:217	4469-4488	crates/compiler/deeptools/src/transform/sentient/scalar_copy_insertion_for_symbols/mod.rs	-
e150_pessimizeLiveness	150/656	0	460	20	dcc/src/Transform/Sentient/ScalarCopyInsertionForSymbols.cpp:276	4497-4517	crates/compiler/deeptools/src/transform/sentient/scalar_copy_insertion_for_symbols/mod.rs	-
e151_insertCopyOpsForJCRCandidate	151/656	0	462	23	dcc/src/Transform/Sentient/ScalarCopyInsertionForSymbols.cpp:416	4526-4550	crates/compiler/deeptools/src/transform/sentient/scalar_copy_insertion_for_symbols/mod.rs	-
e152_clear	152/656	0	459	7	dcc/src/Transform/Sentient/ScalarCopyInsertionForSymbols.cpp:441	4559-4566	crates/compiler/deeptools/src/transform/sentient/scalar_copy_insertion_for_symbols/mod.rs	-
e153_getLocale	153/656	0	467	26	dcc/src/Transform/Sentient/ScalarCopyInsertionForSymbols.cpp:449	4575-4601	crates/compiler/deeptools/src/transform/sentient/scalar_copy_insertion_for_symbols/mod.rs	-
e154_propagateElementSizeToCopyOp	154/656	0	461	24	dcc/src/Transform/Sentient/ScalarCopyInsertionForSymbols.cpp:476	4610-4635	crates/compiler/deeptools/src/transform/sentient/scalar_copy_insertion_for_symbols/mod.rs	-
e155_dumpSymbolicLocales	155/656	0	470	10	dcc/src/Transform/Sentient/ScalarCopyInsertionForSymbols.cpp:502	4644-4654	crates/compiler/deeptools/src/transform/sentient/scalar_copy_insertion_for_symbols/mod.rs	-
e156_dumpCandidates	156/656	0	464	12	dcc/src/Transform/Sentient/ScalarCopyInsertionForSymbols.cpp:545	4663-4676	crates/compiler/deeptools/src/transform/sentient/scalar_copy_insertion_for_symbols/mod.rs	-
e157_doesImmutableImmExceedRange	157/656	0	473	18	dcc/src/Transform/Sentient/ScalarOpMergingAndHoisting.cpp:145	4685-4706	crates/compiler/deeptools/src/transform/sentient/scalar_op_merging_and_hoisting/mod.rs	-
e158_doesValueExceedLRFRange	158/656	0	474	21	dcc/src/Transform/Sentient/ScalarOpMergingAndHoisting.cpp:167	4715-4739	crates/compiler/deeptools/src/transform/sentient/scalar_op_merging_and_hoisting/mod.rs	-
e159_computeAddressScale	159/656	0	476	7	dcc/src/Transform/Sentient/ScalarOpMergingAndHoisting.cpp:266	4748-4756	crates/compiler/deeptools/src/transform/sentient/scalar_op_merging_and_hoisting/mod.rs	-
e160_MemoryOpInfo	160/656	0	477	38	dcc/src/Transform/Sentient/ScalarOpMergingAndHoisting.cpp:288	4765-4803	crates/compiler/deeptools/src/transform/sentient/scalar_op_merging_and_hoisting/mod.rs	-
e161_addSpeculativeImmutable	161/656	0	478	3	dcc/src/Transform/Sentient/ScalarOpMergingAndHoisting.cpp:389	4812-4815	crates/compiler/deeptools/src/transform/sentient/scalar_op_merging_and_hoisting/mod.rs	-
e162_addOpToBlock	162/656	0	479	4	dcc/src/Transform/Sentient/ScalarOpMergingAndHoisting.cpp:429	4824-4828	crates/compiler/deeptools/src/transform/sentient/scalar_op_merging_and_hoisting/mod.rs	-
e163_setEnablesMerging	163/656	0	480	4	dcc/src/Transform/Sentient/ScalarOpMergingAndHoisting.cpp:434	4837-4841	crates/compiler/deeptools/src/transform/sentient/scalar_op_merging_and_hoisting/mod.rs	-
e164_addUnrollCandidate	164/656	0	481	4	dcc/src/Transform/Sentient/ScalarOpMergingAndHoisting.cpp:441	4850-4854	crates/compiler/deeptools/src/transform/sentient/scalar_op_merging_and_hoisting/mod.rs	-
e165_calculateIBuffRequired	165/656	0	491	24	dcc/src/Transform/Sentient/ScalarOpMergingAndHoisting.cpp:591	4863-4888	crates/compiler/deeptools/src/transform/sentient/scalar_op_merging_and_hoisting/scalar_op_merging.rs	-
e166_isProfitableForHoisting	166/656	0	482	29	dcc/src/Transform/Sentient/ScalarOpMergingAndHoisting.cpp:837	4897-4926	crates/compiler/deeptools/src/transform/sentient/scalar_op_merging_and_hoisting/scalar_op_merging.rs	-
e167_sortBlocks	167/656	0	483	19	dcc/src/Transform/Sentient/ScalarOpMergingAndHoisting.cpp:910	4935-4954	crates/compiler/deeptools/src/transform/sentient/scalar_op_merging_and_hoisting/scalar_op_merging.rs	-
e168_unrollBurstAndIL	168/656	0	492	51	dcc/src/Transform/Sentient/ScalarOpMergingAndHoisting.cpp:1011	4963-5016	crates/compiler/deeptools/src/transform/sentient/scalar_op_merging_and_hoisting/scalar_op_merging.rs	-
e169_findFieldUnrollCandidate	169/656	0	488	8	dcc/src/Transform/Sentient/ScalarOpMergingAndHoisting.cpp:1294	5025-5034	crates/compiler/deeptools/src/transform/sentient/scalar_op_merging_and_hoisting/scalar_op_merging.rs	-
e170_addForOpResultAdjustment	170/656	0	498	28	dcc/src/Transform/Sentient/ScalarOpMergingAndHoisting.cpp:1543	5043-5073	crates/compiler/deeptools/src/transform/sentient/scalar_op_merging_and_hoisting/scalar_op_hoisting.rs	-
e171_isMergeableOpOrChain	171/656	0	494	33	dcc/src/Transform/Sentient/ScalarOpMergingAndHoisting.cpp:1592	5082-5116	crates/compiler/deeptools/src/transform/sentient/scalar_op_merging_and_hoisting/scalar_op_hoisting.rs	-
e172_addToOrReplaceOp	172/656	0	496	14	dcc/src/Transform/Sentient/ScalarOpMergingAndHoisting.cpp:1716	5125-5141	crates/compiler/deeptools/src/transform/sentient/scalar_op_merging_and_hoisting/scalar_op_hoisting.rs	-
e173_hoistCandidateOutOfLoop	173/656	0	500	22	dcc/src/Transform/Sentient/ScalarOpMergingAndHoisting.cpp:1805	5150-5174	crates/compiler/deeptools/src/transform/sentient/scalar_op_merging_and_hoisting/scalar_op_hoisting.rs	-
e174_ScalarOpReorderingPass	174/656	0	509	4	dcc/src/Transform/Sentient/ScalarOpReordering.cpp:66	5183-5191	crates/compiler/deeptools/src/transform/sentient/scalar_op_reordering/mod.rs	-
e175_runOn	175/656	0	510	9	dcc/src/Transform/Sentient/ScalarOpReordering.cpp:79	5200-5209	crates/compiler/deeptools/src/transform/sentient/scalar_op_reordering/mod.rs	-
e176_computeOpIndexing	176/656	0	512	8	dcc/src/Transform/Sentient/ScalarOpReordering.cpp:98	5218-5226	crates/compiler/deeptools/src/transform/sentient/scalar_op_reordering/mod.rs	-
e177_getLiverangeEndPt	177/656	0	513	9	dcc/src/Transform/Sentient/ScalarOpReordering.cpp:109	5235-5244	crates/compiler/deeptools/src/transform/sentient/scalar_op_reordering/mod.rs	-
e178_findAncestorInBlock	178/656	0	514	7	dcc/src/Transform/Sentient/ScalarOpReordering.cpp:374	5253-5261	crates/compiler/deeptools/src/transform/sentient/scalar_op_reordering/mod.rs	-
e179_updateCmpIPredicate	179/656	0	521	8	dcc/src/Transform/Sentient/ScalarSimplifications.cpp:63	5270-5279	crates/compiler/deeptools/src/transform/sentient/scalar_simplifications/mod.rs	-
e180_initializeDataflowInfo	180/656	0	531	16	dcc/src/Transform/Sentient/SetActiveMaskValueRE.cpp:99	5288-5304	crates/compiler/deeptools/src/transform/sentient/set_active_mask_value_re/set_active_mask_value_rde_tree.rs	-
e181_isSimplifiable	181/656	0	532	9	dcc/src/Transform/Sentient/SetActiveMaskValueRE.cpp:116	5313-5322	crates/compiler/deeptools/src/transform/sentient/set_active_mask_value_re/set_active_mask_value_rde_tree.rs	-
e182_copyTo	182/656	0	535	8	dcc/src/Transform/Sentient/SetActiveMaskValueRE.hpp:38	5331-5339	crates/compiler/deeptools/src/transform/sentient/set_active_mask_value_re/mod.rs	-
e183_print	183/656	0	536	6	dcc/src/Transform/Sentient/SetActiveMaskValueRE.hpp:55	5348-5354	crates/compiler/deeptools/src/transform/sentient/set_active_mask_value_re/mod.rs	-
e184_maskValuesAreEquivalent	184/656	0	533	6	dcc/src/Transform/Sentient/SetActiveMaskValueRE.hpp:63	5363-5369	crates/compiler/deeptools/src/transform/sentient/set_active_mask_value_re/mod.rs	-
e185_isOperationAUse	185/656	0	539	4	dcc/src/Transform/Sentient/SetMaskRE.cpp:194	5378-5382	crates/compiler/deeptools/src/transform/sentient/set_mask_re/set_mask_rde_tree.rs	-
e186_isSimplifiable	186/656	0	541	10	dcc/src/Transform/Sentient/SetMaskRE.cpp:221	5391-5401	crates/compiler/deeptools/src/transform/sentient/set_mask_re/set_mask_rde_tree.rs	-
e187_copyTo	187/656	0	544	6	dcc/src/Transform/Sentient/SetMaskRE.cpp:243	5410-5416	crates/compiler/deeptools/src/transform/sentient/set_mask_re/set_mask_gen_value.rs	-
e188_print	188/656	0	174	5	dcc/src/Transform/Sentient/SetMaskRE.cpp:252	5425-5430	crates/compiler/deeptools/src/transform/sentient/set_mask_re/set_mask_gen_value.rs	-
e189_maskValuesAreEquivalent	189/656	0	542	13	dcc/src/Transform/Sentient/SetMaskRE.cpp:258	5439-5453	crates/compiler/deeptools/src/transform/sentient/set_mask_re/set_mask_gen_value.rs	-
e190_isEqual	190/656	0	545	5	dcc/src/Transform/Sentient/SetMaskRE.cpp:276	5462-5467	crates/compiler/deeptools/src/transform/sentient/set_mask_re/incr_mask_gen_value.rs	-
e191_copyTo	191/656	0	546	5	dcc/src/Transform/Sentient/SetMaskRE.cpp:282	5476-5481	crates/compiler/deeptools/src/transform/sentient/set_mask_re/incr_mask_gen_value.rs	-
e192_print	192/656	0	172	5	dcc/src/Transform/Sentient/SetMaskRE.cpp:290	5490-5495	crates/compiler/deeptools/src/transform/sentient/set_mask_re/incr_mask_gen_value.rs	-
e193_deadIncrMaskOptimization	193/656	0	173	31	dcc/src/Transform/Sentient/SetMaskRE.cpp:346	5504-5535	crates/compiler/deeptools/src/transform/sentient/set_mask_re/set_mask_rde_tree_optimizer.rs	-
e194_absorbIncrMask	194/656	0	175	58	dcc/src/Transform/Sentient/SetMaskRE.cpp:378	5544-5602	crates/compiler/deeptools/src/transform/sentient/set_mask_re/set_mask_rde_tree_optimizer.rs	-
e195_determineOptimizationMode	195/656	0	550	22	dcc/src/Transform/Sentient/SetSendDestinationRE.cpp:184	5611-5633	crates/compiler/deeptools/src/transform/sentient/set_send_destination_re/mod.rs	-
e196_isOperationAUse	196/656	0	558	5	dcc/src/Transform/Sentient/SetSendDestinationRE.cpp:225	5642-5647	crates/compiler/deeptools/src/transform/sentient/set_send_destination_re/set_send_dst_rde_tree.rs	-
e197_isSimplifiable	197/656	0	562	10	dcc/src/Transform/Sentient/SetSendDestinationRE.cpp:308	5656-5666	crates/compiler/deeptools/src/transform/sentient/set_send_destination_re/set_send_dst_rde_tree.rs	-
e198_isEqual	198/656	0	563	24	dcc/src/Transform/Sentient/SetSendDestinationRE.cpp:322	5675-5699	crates/compiler/deeptools/src/transform/sentient/set_send_destination_re/set_dst_gen_value_lxlu.rs	-
e199_copyTo	199/656	0	564	22	dcc/src/Transform/Sentient/SetSendDestinationRE.cpp:347	5708-5730	crates/compiler/deeptools/src/transform/sentient/set_send_destination_re/set_dst_gen_value_lxlu.rs	-
e200_print	200/656	0	552	19	dcc/src/Transform/Sentient/SetSendDestinationRE.cpp:370	5739-5758	crates/compiler/deeptools/src/transform/sentient/set_send_destination_re/set_dst_gen_value_lxlu.rs	-
e201_print	201/656	0	551	16	dcc/src/Transform/Sentient/SetSendDestinationRE.cpp:393	5767-5783	crates/compiler/deeptools/src/transform/sentient/set_send_destination_re/simple_set_dst_gen_value_lxlu.rs	-
e202_print	202/656	0	548	1	dcc/src/Transform/Sentient/SetSendDestinationRE.cpp:413	5792-5793	crates/compiler/deeptools/src/transform/sentient/set_send_destination_re/composite_set_dst_gen_value_lxlu.rs	-
e203_isEqual	203/656	0	565	35	dcc/src/Transform/Sentient/SetSendDestinationRE.cpp:418	5802-5837	crates/compiler/deeptools/src/transform/sentient/set_send_destination_re/set_dst_gen_value_sfp.rs	-
e204_copyTo	204/656	0	566	23	dcc/src/Transform/Sentient/SetSendDestinationRE.cpp:454	5846-5869	crates/compiler/deeptools/src/transform/sentient/set_send_destination_re/set_dst_gen_value_sfp.rs	-
e205_print	205/656	0	554	19	dcc/src/Transform/Sentient/SetSendDestinationRE.cpp:478	5878-5897	crates/compiler/deeptools/src/transform/sentient/set_send_destination_re/set_dst_gen_value_sfp.rs	-
e206_print	206/656	0	553	4	dcc/src/Transform/Sentient/SetSendDestinationRE.cpp:501	5906-5910	crates/compiler/deeptools/src/transform/sentient/set_send_destination_re/simple_set_dst_gen_value_sfp.rs	-
e207_print	207/656	0	549	1	dcc/src/Transform/Sentient/SetSendDestinationRE.cpp:509	5919-5920	crates/compiler/deeptools/src/transform/sentient/set_send_destination_re/composite_set_dst_gen_value_sfp.rs	-
e208_runOnOperation	208/656	0	567	51	dcc/src/Transform/Sentient/SimplifyUniformRegions.cpp:55	5929-5980	crates/compiler/deeptools/src/transform/sentient/simplify_uniform_regions/mod.rs	-
e209_region_	209/656	0	568	3	dcc/src/Transform/Sentient/SinkScalarCopy.cpp:89	5989-5992	crates/compiler/deeptools/src/transform/sentient/sink_scalar_copy/mod.rs	-
e210_isUniformLocalRegion	210/656	0	569	4	dcc/src/Transform/Sentient/SinkScalarCopy.cpp:94	6001-6005	crates/compiler/deeptools/src/transform/sentient/sink_scalar_copy/mod.rs	-
e211_dump	211/656	0	570	5	dcc/src/Transform/Sentient/SinkScalarCopy.cpp:100	6014-6019	crates/compiler/deeptools/src/transform/sentient/sink_scalar_copy/mod.rs	-
e212_op_	212/656	0	571	3	dcc/src/Transform/Sentient/SinkScalarCopy.cpp:116	6028-6031	crates/compiler/deeptools/src/transform/sentient/sink_scalar_copy/mod.rs	-
e213_addRegion	213/656	0	572	12	dcc/src/Transform/Sentient/SinkScalarCopy.cpp:125	6040-6052	crates/compiler/deeptools/src/transform/sentient/sink_scalar_copy/mod.rs	-
e214_sinkCopyOps	214/656	0	575	16	dcc/src/Transform/Sentient/SinkScalarCopy.cpp:215	6061-6077	crates/compiler/deeptools/src/transform/sentient/sink_scalar_copy/mod.rs	-
e215_clear	215/656	0	574	5	dcc/src/Transform/Sentient/SinkScalarCopy.cpp:232	6086-6091	crates/compiler/deeptools/src/transform/sentient/sink_scalar_copy/mod.rs	-
e216_clean	216/656	0	579	4	dcc/src/Transform/Sentient/SmartRegisterAllocation.cpp:59	6100-6104	crates/compiler/deeptools/src/transform/sentient/smart_register_allocation/mod.rs	-
e217_isKnownToHaveSameValues	217/656	0	581	46	dcc/src/Transform/Sentient/SmartRegisterAllocation.cpp:87	6113-6160	crates/compiler/deeptools/src/transform/sentient/smart_register_allocation/mod.rs	-
e218_runOn	218/656	0	583	36	dcc/src/Transform/Sentient/SpecializedCanonicalization.cpp:65	6169-6205	crates/compiler/deeptools/src/transform/sentient/specialized_canonicalization/mod.rs	-
e219_runOn	219/656	0	585	35	dcc/src/Transform/Sentient/SpecializedCanonicalization.cpp:102	6214-6249	crates/compiler/deeptools/src/transform/sentient/specialized_canonicalization/mod.rs	-
e220_runOn	220/656	0	584	31	dcc/src/Transform/Sentient/SpecializedCanonicalization.cpp:138	6258-6289	crates/compiler/deeptools/src/transform/sentient/specialized_canonicalization/mod.rs	-
e221_initialize	221/656	0	63	20	dcc/src/Transform/Sentient/SpecializedCanonicalization.cpp:193	6298-6318	crates/compiler/deeptools/src/transform/sentient/specialized_canonicalization/mod.rs	-
e222_clear	222/656	0	586	7	dcc/src/Transform/Sentient/SpecializedCanonicalization.cpp:214	6327-6334	crates/compiler/deeptools/src/transform/sentient/specialized_canonicalization/mod.rs	-
e223_appendToVector	223/656	0	589	4	dcc/src/Transform/Sentient/StoreAndForwardFusion.cpp:94	6343-6348	crates/compiler/deeptools/src/transform/sentient/store_and_forward_fusion/mod.rs	-
e224_findFusibleOp	224/656	0	591	29	dcc/src/Transform/Sentient/StoreAndForwardFusion.cpp:117	6357-6388	crates/compiler/deeptools/src/transform/sentient/store_and_forward_fusion/mod.rs	-
e225_isOpTrivialMacOp	225/656	0	592	31	dcc/src/Transform/Sentient/StoreAndForwardFusion.cpp:150	6397-6428	crates/compiler/deeptools/src/transform/sentient/store_and_forward_fusion/mod.rs	-
e226_isOpTrivialBinaryOp	226/656	0	593	21	dcc/src/Transform/Sentient/StoreAndForwardFusion.cpp:183	6437-6459	crates/compiler/deeptools/src/transform/sentient/store_and_forward_fusion/mod.rs	-
e227_fillOperandForFusibleOp	227/656	0	596	27	dcc/src/Transform/Sentient/StoreAndForwardFusion.cpp:350	6468-6498	crates/compiler/deeptools/src/transform/sentient/store_and_forward_fusion/mod.rs	-
e228_updateFusibleOp	228/656	0	597	41	dcc/src/Transform/Sentient/StoreAndForwardFusion.cpp:387	6507-6550	crates/compiler/deeptools/src/transform/sentient/store_and_forward_fusion/mod.rs	-
e229_isIn	229/656	0	600	5	dcc/src/Transform/Sentient/SyncSendRecvFusion.cpp:54	6559-6564	crates/compiler/deeptools/src/transform/sentient/sync_send_recv_fusion/mod.rs	-
e230_FuseSyncSendRecv	230/656	0	602	32	dcc/src/Transform/Sentient/SyncSendRecvFusion.cpp:70	6573-6606	crates/compiler/deeptools/src/transform/sentient/sync_send_recv_fusion/mod.rs	-
e231_getNextEligableNode	231/656	0	603	14	dcc/src/Transform/Sentient/SyncSendRecvFusion.cpp:104	6615-6630	crates/compiler/deeptools/src/transform/sentient/sync_send_recv_fusion/mod.rs	-
e232_reorderToggle	232/656	0	605	31	dcc/src/Transform/Sentient/ToggleReordering.cpp:104	6639-6670	crates/compiler/deeptools/src/transform/sentient/toggle_reordering/toggle_info.rs	-
e233_computeToggleInfoIfIsToggle	233/656	0	606	39	dcc/src/Transform/Sentient/ToggleReordering.cpp:222	6679-6719	crates/compiler/deeptools/src/transform/sentient/toggle_reordering/mod.rs	-
e234_printDependencies	234/656	0	610	9	dcc/src/Transform/Sentient/TransformForExposedPipeline.cpp:75	6728-6737	crates/compiler/deeptools/src/transform/sentient/transform_for_exposed_pipeline/mod.rs	-
e235_cleanUp	235/656	0	611	12	dcc/src/Transform/Sentient/TransformForExposedPipeline.cpp:85	6746-6758	crates/compiler/deeptools/src/transform/sentient/transform_for_exposed_pipeline/mod.rs	-
e236_macOpsFlowDependence	236/656	0	612	28	dcc/src/Transform/Sentient/TransformForExposedPipeline.cpp:100	6767-6797	crates/compiler/deeptools/src/transform/sentient/transform_for_exposed_pipeline/mod.rs	-
e237_insertNOPOperations	237/656	0	617	36	dcc/src/Transform/Sentient/TransformForExposedPipeline.cpp:304	6806-6842	crates/compiler/deeptools/src/transform/sentient/transform_for_exposed_pipeline/mod.rs	-
e238_cleanupConstants	238/656	0	620	10	dcc/src/Transform/Sentient/UniformMapCanonicalization.cpp:105	6851-6861	crates/compiler/deeptools/src/transform/sentient/uniform_map_canonicalization/mod.rs	-
e239_getOperationOfBlock	239/656	0	218	8	dcc/src/Transform/Sentient/Utils.cpp:31	6870-6878	crates/compiler/deeptools/src/transform/sentient/utils/mod.rs	-
e240_selectIndicesForUnits	240/656	0	197	15	dcc/src/Transform/Sentient/Utils.cpp:66	6887-6904	crates/compiler/deeptools/src/transform/sentient/utils/mod.rs	-
e241_moveToCommonDominator	241/656	0	623	71	dcc/src/Transform/Sentient/Utils.cpp:84	6913-6984	crates/compiler/deeptools/src/transform/sentient/utils/mod.rs	-
e242_getForLoopInfoIfIV	242/656	0	122	37	dcc/src/Transform/Sentient/Utils.cpp:156	6993-7031	crates/compiler/deeptools/src/transform/sentient/utils/mod.rs	-
e243_roundDownUnrollFactor	243/656	0	258	32	dcc/src/Transform/Sentient/Utils.cpp:397	7040-7073	crates/compiler/deeptools/src/transform/sentient/utils/mod.rs	-
e244_negatePredicate	244/656	0	446	18	dcc/src/Transform/Sentient/Utils.cpp:431	7082-7100	crates/compiler/deeptools/src/transform/sentient/utils/mod.rs	-
e245_reversePredicate	245/656	0	309	18	dcc/src/Transform/Sentient/Utils.cpp:450	7109-7127	crates/compiler/deeptools/src/transform/sentient/utils/mod.rs	-
e246_getOutermostConstInitialization	246/656	0	624	55	dcc/src/Transform/Sentient/Utils.cpp:469	7136-7192	crates/compiler/deeptools/src/transform/sentient/utils/mod.rs	-
e247_memoryOpRequiresImmutAddrScalarCopy	247/656	0	427	64	dcc/src/Transform/Sentient/Utils.cpp:526	7201-7267	crates/compiler/deeptools/src/transform/sentient/utils/mod.rs	-
e248_getFoldModeAttributeIfExists	248/656	0	329	6	dcc/src/Transform/Sentient/Utils.cpp:593	7276-7282	crates/compiler/deeptools/src/transform/sentient/utils/mod.rs	-
e249_normalizeNullValues	249/656	0	372	14	dcc/src/Transform/Sentient/Utils.cpp:600	7291-7305	crates/compiler/deeptools/src/transform/sentient/utils/units_and_their_values.rs	-
e250_hasUniformizeRegion	250/656	0	626	12	dcc/src/Transform/Sentient/Utils.cpp:622	7314-7326	crates/compiler/deeptools/src/transform/sentient/utils/mod.rs	-
e251_add	251/656	0	367	4	dcc/src/Transform/Sentient/Utils.hpp:165	7335-7339	crates/compiler/deeptools/src/transform/sentient/utils/mod.rs	-
e252_size	252/656	0	0	4	dcc/src/Transform/Sentient/Utils.hpp:171	7348-7352	crates/compiler/deeptools/src/transform/sentient/utils/mod.rs	-
e253_areAllValuesEqual	253/656	0	375	6	dcc/src/Transform/Sentient/Utils.hpp:180	7361-7367	crates/compiler/deeptools/src/transform/sentient/utils/mod.rs	-
e254_runOn	254/656	0	627	6	dcc/src/Transform/Sentient/VectorRegisterInitialization.cpp:59	7376-7382	crates/compiler/deeptools/src/transform/sentient/vector_register_initialization/mod.rs	-
e255_isCandidate	255/656	0	630	32	dcc/src/Transform/Sentient/VectorRegisterInitialization.cpp:125	7391-7424	crates/compiler/deeptools/src/transform/sentient/vector_register_initialization/mod.rs	-
e256_markForRegisterInit	256/656	0	629	6	dcc/src/Transform/Sentient/VectorRegisterInitialization.cpp:159	7433-7439	crates/compiler/deeptools/src/transform/sentient/vector_register_initialization/mod.rs	-
e257_getBaseAddr	257/656	1	28	4	dcc/src/Transform/Sentient/AddressPinningAndToggle.cpp:657	7448-7452	crates/compiler/deeptools/src/transform/sentient/address_pinning_and_toggle/mod.rs	e252_size
e258_isToggle	258/656	1	1	4	dcc/src/Transform/Sentient/AddressPinningAndToggle.cpp:677	7461-7465	crates/compiler/deeptools/src/transform/sentient/address_pinning_and_toggle/mod.rs	e278_isValid
e259_isConditionalConstant	259/656	1	1	4	dcc/src/Transform/Sentient/AddressPinningAndToggle.cpp:681	7474-7478	crates/compiler/deeptools/src/transform/sentient/address_pinning_and_toggle/mod.rs	e278_isValid
e260_isIntegerSequence	260/656	1	1	4	dcc/src/Transform/Sentient/AddressPinningAndToggle.cpp:685	7487-7491	crates/compiler/deeptools/src/transform/sentient/address_pinning_and_toggle/mod.rs	e278_isValid
e261_isDiscreteIntegerSet	261/656	1	1	4	dcc/src/Transform/Sentient/AddressPinningAndToggle.cpp:689	7500-7504	crates/compiler/deeptools/src/transform/sentient/address_pinning_and_toggle/mod.rs	e278_isValid
e262_isLoopingChainMutableAddr	262/656	1	1	4	dcc/src/Transform/Sentient/AddressPinningAndToggle.cpp:693	7513-7517	crates/compiler/deeptools/src/transform/sentient/address_pinning_and_toggle/mod.rs	e278_isValid
e263_getToggleDescriptor	263/656	1	1	4	dcc/src/Transform/Sentient/AddressPinningAndToggle.cpp:706	7526-7530	crates/compiler/deeptools/src/transform/sentient/address_pinning_and_toggle/mod.rs	e258_isToggle
e264_getToggleDescriptor	264/656	1	1	4	dcc/src/Transform/Sentient/AddressPinningAndToggle.cpp:710	7539-7543	crates/compiler/deeptools/src/transform/sentient/address_pinning_and_toggle/mod.rs	e258_isToggle
e265_getConditionalConstantDescriptor	265/656	1	1	4	dcc/src/Transform/Sentient/AddressPinningAndToggle.cpp:714	7552-7556	crates/compiler/deeptools/src/transform/sentient/address_pinning_and_toggle/mod.rs	e259_isConditionalConstant
e266_getConditionalConstantDescriptor	266/656	1	1	4	dcc/src/Transform/Sentient/AddressPinningAndToggle.cpp:718	7565-7570	crates/compiler/deeptools/src/transform/sentient/address_pinning_and_toggle/mod.rs	e259_isConditionalConstant
e267_getIntegerSequenceDescriptor	267/656	1	1	4	dcc/src/Transform/Sentient/AddressPinningAndToggle.cpp:723	7579-7583	crates/compiler/deeptools/src/transform/sentient/address_pinning_and_toggle/mod.rs	e260_isIntegerSequence
e268_getIntegerSequenceDescriptor	268/656	1	1	4	dcc/src/Transform/Sentient/AddressPinningAndToggle.cpp:727	7592-7596	crates/compiler/deeptools/src/transform/sentient/address_pinning_and_toggle/mod.rs	e260_isIntegerSequence
e269_getDiscreteIntegerSetDescriptor	269/656	1	1	4	dcc/src/Transform/Sentient/AddressPinningAndToggle.cpp:731	7605-7609	crates/compiler/deeptools/src/transform/sentient/address_pinning_and_toggle/mod.rs	e261_isDiscreteIntegerSet
e270_getDiscreteIntegerSetDescriptor	270/656	1	1	4	dcc/src/Transform/Sentient/AddressPinningAndToggle.cpp:735	7618-7622	crates/compiler/deeptools/src/transform/sentient/address_pinning_and_toggle/mod.rs	e261_isDiscreteIntegerSet
e271_getLoopingChainMutableAddrDescriptor	271/656	1	1	4	dcc/src/Transform/Sentient/AddressPinningAndToggle.cpp:739	7631-7635	crates/compiler/deeptools/src/transform/sentient/address_pinning_and_toggle/mod.rs	e262_isLoopingChainMutableAddr
e272_getLoopingChainMutableAddrDescriptor	272/656	1	1	4	dcc/src/Transform/Sentient/AddressPinningAndToggle.cpp:743	7644-7649	crates/compiler/deeptools/src/transform/sentient/address_pinning_and_toggle/mod.rs	e262_isLoopingChainMutableAddr
e273_isHeadOfChain	273/656	1	37	6	dcc/src/Transform/Sentient/AddressPinningAndToggle.cpp:907	7658-7664	crates/compiler/deeptools/src/transform/sentient/address_pinning_and_toggle/mod.rs	e007_isPartOfSomeChain
e274_validate	274/656	1	34	4	dcc/src/Transform/Sentient/AddressPinningAndToggle.cpp:929	7673-7677	crates/compiler/deeptools/src/transform/sentient/address_pinning_and_toggle/mod.rs	e252_size
e275_turnHBMConstantOpAddrsToQueryMapsHelper	275/656	1	94	59	dcc/src/Transform/Sentient/AddressPinningAndToggle.cpp:1595	7686-7746	crates/compiler/deeptools/src/transform/sentient/address_pinning_and_toggle/mod.rs	e252_size
e276_updateImmutableAddr	276/656	1	78	12	dcc/src/Transform/Sentient/AddressPinningAndToggle.cpp:1936	7755-7767	crates/compiler/deeptools/src/transform/sentient/address_pinning_and_toggle/toggle_data_transfer_updater.rs	e009_createOffsetValue
e277_updateVariableOffsetCalculation	277/656	1	74	21	dcc/src/Transform/Sentient/AddressPinningAndToggle.cpp:2065	7776-7798	crates/compiler/deeptools/src/transform/sentient/address_pinning_and_toggle/conditional_const_data_transfer_updater.rs	e009_createOffsetValue
e278_isValid	278/656	1	1	23	dcc/src/Transform/Sentient/AddressPinningAndToggle.cpp:2478	7807-7830	crates/compiler/deeptools/src/transform/sentient/address_pinning_and_toggle/data_transfer_descriptor.rs	e252_size,e279_canBeSimplified
e279_canBeSimplified	279/656	1	1	18	dcc/src/Transform/Sentient/AddressPinningAndToggle.cpp:2502	7839-7857	crates/compiler/deeptools/src/transform/sentient/address_pinning_and_toggle/data_transfer_descriptor.rs	e252_size,e258_isToggle,e259_isConditionalConstant,e260_isIntegerSequence,e261_isDiscreteIntegerSet,e262_isLoopingChainMutableAddr,e263_getToggleDescriptor,e264_getToggleDescriptor,e265_getConditionalConstantDescriptor,e266_getConditionalConstantDescriptor,e267_getIntegerSequenceDescriptor,e268_getIntegerSequenceDescriptor,e269_getDiscreteIntegerSetDescriptor,e270_getDiscreteIntegerSetDescriptor,e271_getLoopingChainMutableAddrDescriptor,e272_getLoopingChainMutableAddrDescriptor
e280_IntegerSequenceDescriptor	280/656	1	51	75	dcc/src/Transform/Sentient/AddressPinningAndToggle.cpp:2799	7866-7943	crates/compiler/deeptools/src/transform/sentient/address_pinning_and_toggle/integer_sequence_descriptor.rs	e001_invalidate,e003_invalidate,e004_invalidate,e005_invalidate,e017_getOutermostConstInitialization
e281_DiscreteIntegerSetDescriptor	281/656	1	55	45	dcc/src/Transform/Sentient/AddressPinningAndToggle.cpp:2901	7952-8004	crates/compiler/deeptools/src/transform/sentient/address_pinning_and_toggle/discrete_integer_set_descriptor.rs	e001_invalidate,e003_invalidate,e004_invalidate,e005_invalidate,e017_getOutermostConstInitialization
e282_LoopingChainMutableAddrDescriptor	282/656	1	54	27	dcc/src/Transform/Sentient/AddressPinningAndToggle.cpp:3081	8013-8052	crates/compiler/deeptools/src/transform/sentient/address_pinning_and_toggle/looping_chain_mutable_addr_descriptor.rs	e001_invalidate,e003_invalidate,e004_invalidate,e005_invalidate,e018_getOutermostConstInitAndLoopingChainIncrement
e283_assignPrecision	283/656	1	100	31	dcc/src/Transform/Sentient/AddressRegisterPrecisionAssignment.cpp:164	8061-8095	crates/compiler/deeptools/src/transform/sentient/address_register_precision_assignment/mod.rs	e020_assignPrecisionHelper
e284_annotateMacOp	284/656	1	104	48	dcc/src/Transform/Sentient/AnnotateMacXRFWtRange.cpp:66	8104-8153	crates/compiler/deeptools/src/transform/sentient/annotate_mac_xrf_wt_range/mod.rs	e252_size
e285_runOn	285/656	1	107	29	dcc/src/Transform/Sentient/BurstSplitting.cpp:161	8162-8191	crates/compiler/deeptools/src/transform/sentient/burst_splitting/mod.rs	e021_splitBurst
e286_recomputeAsDefaultVals	286/656	1	117	58	dcc/src/Transform/Sentient/CFGSimplificationSentientLevel.cpp:396	8200-8258	crates/compiler/deeptools/src/transform/sentient/cfg_simplification_sentient_level/mod.rs	e023_incrementLength,e025_getIntervalStride
e287_getTableEntryAtIdx	287/656	1	119	4	dcc/src/Transform/Sentient/CFGSimplificationSentientLevel.cpp:512	8267-8271	crates/compiler/deeptools/src/transform/sentient/cfg_simplification_sentient_level/mod.rs	e252_size
e288_createTableEntryAtIdx	288/656	1	120	4	dcc/src/Transform/Sentient/CFGSimplificationSentientLevel.cpp:517	8280-8284	crates/compiler/deeptools/src/transform/sentient/cfg_simplification_sentient_level/mod.rs	e252_size
e289_computeTemplateSeqAndUpdateMonotoneSeq	289/656	1	134	75	dcc/src/Transform/Sentient/CFGSimplificationSentientLevel.cpp:2096	8293-8369	crates/compiler/deeptools/src/transform/sentient/cfg_simplification_sentient_level/pattern_simplification_manager.rs	e026_changeToDefaultValue,e252_size
e290_insertSequence	290/656	1	138	24	dcc/src/Transform/Sentient/CFGSimplificationSentientLevel.cpp:2360	8378-8403	crates/compiler/deeptools/src/transform/sentient/cfg_simplification_sentient_level/pattern_simplification_manager.rs	e252_size
e291_padTableSlice	291/656	1	133	49	dcc/src/Transform/Sentient/CFGSimplificationSentientLevel.cpp:2398	8412-8462	crates/compiler/deeptools/src/transform/sentient/cfg_simplification_sentient_level/pattern_simplification_manager.rs	e025_getIntervalStride,e252_size
e292_generateEncodingTypes	292/656	1	124	26	dcc/src/Transform/Sentient/CFGSimplificationSentientLevel.cpp:2450	8471-8497	crates/compiler/deeptools/src/transform/sentient/cfg_simplification_sentient_level/pattern_simplification_manager.rs	e252_size
e293_generateEncodingTuple	293/656	1	126	52	dcc/src/Transform/Sentient/CFGSimplificationSentientLevel.cpp:2485	8506-8559	crates/compiler/deeptools/src/transform/sentient/cfg_simplification_sentient_level/pattern_simplification_manager.rs	e252_size
e294_codeGenMonotoneTableSlice	294/656	1	141	137	dcc/src/Transform/Sentient/CFGSimplificationSentientLevel.cpp:2654	8568-8707	crates/compiler/deeptools/src/transform/sentient/cfg_simplification_sentient_level/pattern_simplification_manager.rs	e025_getIntervalStride,e252_size
e295_codeGenGenericTableSlice	295/656	1	125	58	dcc/src/Transform/Sentient/CFGSimplificationSentientLevel.cpp:2802	8716-8775	crates/compiler/deeptools/src/transform/sentient/cfg_simplification_sentient_level/pattern_simplification_manager.rs	e025_getIntervalStride,e252_size
e296_runOnOperation	296/656	1	148	33	dcc/src/Transform/Sentient/CanonicalizeXRFPointers.cpp:172	8784-8817	crates/compiler/deeptools/src/transform/sentient/canonicalize_xrf_pointers/mod.rs	e037_replaceXRFImplicitIncrWithAdd,e038_replaceConstXRFExpressions,e252_size
e297_simplifyProgramUnitOp	297/656	1	152	64	dcc/src/Transform/Sentient/Deuniform.cpp:155	8826-8891	crates/compiler/deeptools/src/transform/sentient/deuniform/mod.rs	e252_size
e298_duplicateAndUpdateEntriesOfQueryMap	298/656	1	150	22	dcc/src/Transform/Sentient/Deuniform.cpp:221	8900-8924	crates/compiler/deeptools/src/transform/sentient/deuniform/mod.rs	e252_size
e299_expandAllGroupsToUnitsAndUpdateSizes	299/656	1	153	35	dcc/src/Transform/Sentient/Deuniform.cpp:246	8933-8970	crates/compiler/deeptools/src/transform/sentient/deuniform/mod.rs	e252_size
e300_processWorkList	300/656	1	162	53	dcc/src/Transform/Sentient/EnhancedDeadVariableElimination.cpp:460	8979-9032	crates/compiler/deeptools/src/transform/sentient/enhanced_dead_variable_elimination/mod.rs	e040_addToWorkListAndUpdateAssignment
e301_initializeAssignmentForAnOperation	301/656	1	160	147	dcc/src/Transform/Sentient/EnhancedDeadVariableElimination.cpp:525	9041-9189	crates/compiler/deeptools/src/transform/sentient/enhanced_dead_variable_elimination/mod.rs	e040_addToWorkListAndUpdateAssignment
e302_matchAndRewrite	302/656	1	187	40	dcc/src/Transform/Sentient/LexicalOrdering.cpp:50	9198-9239	crates/compiler/deeptools/src/transform/sentient/lexical_ordering/mod.rs	e252_size
e303_runOn	303/656	1	189	8	dcc/src/Transform/Sentient/LexicalOrdering.cpp:203	9248-9256	crates/compiler/deeptools/src/transform/sentient/lexical_ordering/mod.rs	e051_runOn
e304_printSsaMap	304/656	1	206	18	dcc/src/Transform/Sentient/LiveRangeReduction.cpp:218	9265-9283	crates/compiler/deeptools/src/transform/sentient/live_range_reduction/mod.rs	e057_print,e252_size
e305_getBaseExpr	305/656	1	207	116	dcc/src/Transform/Sentient/LiveRangeReduction.cpp:271	9292-9410	crates/compiler/deeptools/src/transform/sentient/live_range_reduction/mod.rs	e056_set,e252_size
e306_getRootIterArg	306/656	1	209	72	dcc/src/Transform/Sentient/LiveRangeReduction.cpp:393	9419-9491	crates/compiler/deeptools/src/transform/sentient/live_range_reduction/mod.rs	e252_size
e307_cloneValueToRegion	307/656	1	217	40	dcc/src/Transform/Sentient/LiveRangeReduction.cpp:917	9500-9541	crates/compiler/deeptools/src/transform/sentient/live_range_reduction/mod.rs	e252_size
e308_cluster	308/656	1	226	14	dcc/src/Transform/Sentient/LocalRegionSplittingForValueCommoning.cpp:330	9550-9566	crates/compiler/deeptools/src/transform/sentient/local_region_splitting_for_value_commoning/mod.rs	e252_size
e309_absorbIntoAnchorFromLeft	309/656	1	239	15	dcc/src/Transform/Sentient/LoopAbsorption.cpp:236	9575-9590	crates/compiler/deeptools/src/transform/sentient/loop_absorption/loop_absorption_manager.rs	e252_size
e310_absorbIntoAnchorFromRight	310/656	1	242	17	dcc/src/Transform/Sentient/LoopAbsorption.cpp:387	9599-9616	crates/compiler/deeptools/src/transform/sentient/loop_absorption/loop_absorption_manager.rs	e252_size
e311_getCandidateLoops	311/656	1	248	56	dcc/src/Transform/Sentient/LoopCoalescing.cpp:76	9625-9683	crates/compiler/deeptools/src/transform/sentient/loop_coalescing/mod.rs	e252_size
e312_splitBounds	312/656	1	250	10	dcc/src/Transform/Sentient/LoopCoalescing.cpp:417	9692-9704	crates/compiler/deeptools/src/transform/sentient/loop_coalescing/mod.rs	e071_getLargestDivisor,e252_size
e313_isCandidate	313/656	1	256	52	dcc/src/Transform/Sentient/LoopEliminationViaRerolling.cpp:117	9713-9765	crates/compiler/deeptools/src/transform/sentient/loop_elimination_via_rerolling/mod.rs	e073_getNontrivialOpsInLoop,e074_checkOperandsOfComputeOp,e252_size
e314_removeLoopsContainingLoadSendOrReceiveStore	314/656	1	257	65	dcc/src/Transform/Sentient/LoopEliminationViaRerolling.cpp:175	9774-9841	crates/compiler/deeptools/src/transform/sentient/loop_elimination_via_rerolling/mod.rs	e073_getNontrivialOpsInLoop
e315_removeLoopsContainingComputeOp	315/656	1	259	80	dcc/src/Transform/Sentient/LoopEliminationViaRerolling.cpp:248	9850-9931	crates/compiler/deeptools/src/transform/sentient/loop_elimination_via_rerolling/mod.rs	e073_getNontrivialOpsInLoop,e243_roundDownUnrollFactor
e316_mergeLoops	316/656	1	265	100	dcc/src/Transform/Sentient/LoopMerging.cpp:179	9940-10041	crates/compiler/deeptools/src/transform/sentient/loop_merging/mod.rs	e075_getNextEligibleOp,e252_size
e317_checkDeltasOfOperands	317/656	1	279	79	dcc/src/Transform/Sentient/LoopRolling.cpp:505	10050-10130	crates/compiler/deeptools/src/transform/sentient/loop_rolling/mod.rs	e080_getOperandKind,e083_computeValsIfDifferent
e318_promoteForLoopBodyAndDelete	318/656	1	288	10	dcc/src/Transform/Sentient/LoopSplittingAndUnrolling.cpp:147	10139-10150	crates/compiler/deeptools/src/transform/sentient/loop_splitting_and_unrolling/mod.rs	e085_replaceIterArgsAndYieldResults
e319_getAllTrueIndexOfIfOpsList	319/656	1	295	7	dcc/src/Transform/Sentient/LoopSplittingAndUnrolling.cpp:587	10159-10167	crates/compiler/deeptools/src/transform/sentient/loop_splitting_and_unrolling/mod.rs	e090_evaluatePredicate
e320_subsetsImpl	320/656	1	301	9	dcc/src/Transform/Sentient/LoopSplittingAndUnrolling.cpp:622	10176-10187	crates/compiler/deeptools/src/transform/sentient/loop_splitting_and_unrolling/mod.rs	e252_size
e321_printLoopToPeelingType	321/656	1	308	11	dcc/src/Transform/Sentient/MultiDimLoopPeeling.cpp:188	10196-10207	crates/compiler/deeptools/src/transform/sentient/multi_dim_loop_peeling/mod.rs	e093_stringifyPeelingType
e322_copyOneIter	322/656	1	314	65	dcc/src/Transform/Sentient/MultiDimLoopPeeling.cpp:461	10216-10283	crates/compiler/deeptools/src/transform/sentient/multi_dim_loop_peeling/loop_peeling_manager.rs	e096_simplifyConditionals,e252_size
e323_runOnOperation	323/656	1	337	5	dcc/src/Transform/Sentient/MulticastCanonicalization.cpp:90	10292-10297	crates/compiler/deeptools/src/transform/sentient/multicast_canonicalization/mod.rs	e097_runOn
e324_processQMapOfDirectMulticast	324/656	1	340	16	dcc/src/Transform/Sentient/MulticastCanonicalization.cpp:138	10306-10323	crates/compiler/deeptools/src/transform/sentient/multicast_canonicalization/mod.rs	e099_createNewProducerQMap
e325_runOnOperation	325/656	1	345	10	dcc/src/Transform/Sentient/NOPInsertionForBackToBackSyncs.cpp:81	10332-10342	crates/compiler/deeptools/src/transform/sentient/nop_insertion_for_back_to_back_syncs/mod.rs	e100_runOn
e326_replaceVirtualAssignTarget	326/656	1	348	8	dcc/src/Transform/Sentient/OldRegisterInitialization.cpp:159	10351-10359	crates/compiler/deeptools/src/transform/sentient/old_register_initialization/mod.rs	e252_size
e327_calcSSAWeight	327/656	1	351	59	dcc/src/Transform/Sentient/OldRegisterInitialization.cpp:262	10368-10427	crates/compiler/deeptools/src/transform/sentient/old_register_initialization/register_init_info.rs	e103_totalTripCount,e104_getRegisterInitPriority
e328_sortRegCoalescingCandidates	328/656	1	354	7	dcc/src/Transform/Sentient/OldRegisterInitialization.cpp:332	10436-10443	crates/compiler/deeptools/src/transform/sentient/old_register_initialization/register_init_info.rs	e105_weightOfSubset
e329_collectAllRegCoalescingCandidates	329/656	1	356	133	dcc/src/Transform/Sentient/OldRegisterInitialization.cpp:371	10452-10585	crates/compiler/deeptools/src/transform/sentient/old_register_initialization/register_init_info.rs	e106_collectAllRegCoalescingCandidatesImpl
e330_getNextMaxWeight	330/656	1	358	29	dcc/src/Transform/Sentient/OldRegisterInitialization.cpp:505	10594-10624	crates/compiler/deeptools/src/transform/sentient/old_register_initialization/register_init_info.rs	e105_weightOfSubset,e252_size
e331_dumpWeight	331/656	1	362	5	dcc/src/Transform/Sentient/OldRegisterInitialization.cpp:706	10633-10639	crates/compiler/deeptools/src/transform/sentient/old_register_initialization/mod.rs	e102_dumpWeights
e332_moveSSAToInit	332/656	1	363	25	dcc/src/Transform/Sentient/OldRegisterInitialization.cpp:715	10648-10673	crates/compiler/deeptools/src/transform/sentient/old_register_initialization/mod.rs	e252_size
e333_constructValues	333/656	1	368	34	dcc/src/Transform/Sentient/OldRegisterInitialization.cpp:1107	10682-10718	crates/compiler/deeptools/src/transform/sentient/old_register_initialization/register_init_candidate_promoter.rs	e251_add,e252_size
e334_mergeScalarOpIntoMac	334/656	1	316	57	dcc/src/Transform/Sentient/OpRerolling.cpp:81	10727-10784	crates/compiler/deeptools/src/transform/sentient/op_rerolling/mod.rs	e252_size
e335_fill	335/656	1	328	165	dcc/src/Transform/Sentient/OpRerolling.cpp:502	10793-10958	crates/compiler/deeptools/src/transform/sentient/op_rerolling/unroll_operands.rs	e115_reset,e116_getUnrollOperandUsingPort,e117_fillMemOpAttrs
e336_match	336/656	1	331	149	dcc/src/Transform/Sentient/OpRerolling.cpp:731	10967-11116	crates/compiler/deeptools/src/transform/sentient/op_rerolling/unroll_operands.rs	e118_areOperandsMatching,e252_size
e337_updateUnrollInfo	337/656	1	318	44	dcc/src/Transform/Sentient/OpRerolling.cpp:881	11125-11169	crates/compiler/deeptools/src/transform/sentient/op_rerolling/unroll_operands.rs	e252_size
e338_setUnrollFieldsInStmt	338/656	1	323	311	dcc/src/Transform/Sentient/OpRerolling.cpp:1038	11178-11491	crates/compiler/deeptools/src/transform/sentient/op_rerolling/mod.rs	e113_isXrfRdOp,e114_isXrfWtOp,e116_getUnrollOperandUsingPort,e119_createOperand,e120_createForwardingArray,e243_roundDownUnrollFactor,e252_size
e339_addNodesToGraph	339/656	1	389	131	dcc/src/Transform/Sentient/PortAssignment.cpp:473	11500-11632	crates/compiler/deeptools/src/transform/sentient/port_assignment/mod.rs	e125_getValidPorts,e126_IsSwappablePerAlgebraicReassociation
e340_updateSentientIRPorts	340/656	1	392	52	dcc/src/Transform/Sentient/PortAssignment.cpp:682	11641-11693	crates/compiler/deeptools/src/transform/sentient/port_assignment/mod.rs	e124_getPortAttr,e252_size
e341_addReuseToDummyOperands	341/656	1	393	36	dcc/src/Transform/Sentient/PortAssignment.cpp:739	11702-11738	crates/compiler/deeptools/src/transform/sentient/port_assignment/mod.rs	e124_getPortAttr,e252_size
e342_runOnOperation	342/656	1	398	6	dcc/src/Transform/Sentient/ReadOnlyRegisterRenumbering.cpp:109	11747-11753	crates/compiler/deeptools/src/transform/sentient/read_only_register_renumbering/mod.rs	e127_runOn
e343_computeNewRegisterIndices	343/656	1	400	23	dcc/src/Transform/Sentient/ReadOnlyRegisterRenumbering.cpp:117	11762-11786	crates/compiler/deeptools/src/transform/sentient/read_only_register_renumbering/mod.rs	e132_setNewRegisterIndex
e344_naivelyAllocate	344/656	1	405	281	dcc/src/Transform/Sentient/RegisterAllocation.cpp:39	11795-12076	crates/compiler/deeptools/src/transform/sentient/register_allocation/mod.rs	e252_size
e345_run	345/656	1	408	14	dcc/src/Transform/Sentient/RegisterInitialization.cpp:121	12085-12099	crates/compiler/deeptools/src/transform/sentient/register_initialization/mod.rs	e131_runLocalAnalysis,e252_size,e346_runGlobalAnalysis,e347_runTransformation
e346_runGlobalAnalysis	346/656	1	408	5	dcc/src/Transform/Sentient/RegisterInitialization.cpp:158	12108-12113	crates/compiler/deeptools/src/transform/sentient/register_initialization/mod.rs	e345_run
e347_runTransformation	347/656	1	408	3	dcc/src/Transform/Sentient/RegisterInitialization.cpp:164	12122-12125	crates/compiler/deeptools/src/transform/sentient/register_initialization/mod.rs	e345_run
e348_updateRegIndex	348/656	1	413	16	dcc/src/Transform/Sentient/RegisterPacking.cpp:162	12134-12151	crates/compiler/deeptools/src/transform/sentient/register_packing/mod.rs	e132_setNewRegisterIndex
e349_getRegWithType	349/656	1	415	7	dcc/src/Transform/Sentient/RegisterPacking.cpp:239	12160-12168	crates/compiler/deeptools/src/transform/sentient/register_packing/mod.rs	e252_size
e350_createCopyOperationAndUpdateAssignment	350/656	1	430	120	dcc/src/Transform/Sentient/RegisterTypeAssignment.cpp:255	12177-12299	crates/compiler/deeptools/src/transform/sentient/register_type_assignment/mod.rs	e140_moveToCommonDominator
e351_addToWorkListAndUpdateAssignment	351/656	1	426	4	dcc/src/Transform/Sentient/RegisterTypeAssignment.cpp:399	12308-12313	crates/compiler/deeptools/src/transform/sentient/register_type_assignment/mod.rs	e141_addToWorkList,e143_updateAssignment
e352_updateProgramUnit	352/656	1	434	45	dcc/src/Transform/Sentient/RegisterTypeAssignment.cpp:441	12322-12367	crates/compiler/deeptools/src/transform/sentient/register_type_assignment/mod.rs	e252_size
e353_increasesOperandLiverange	353/656	1	443	52	dcc/src/Transform/Sentient/RematerializationPass.cpp:109	12376-12429	crates/compiler/deeptools/src/transform/sentient/rematerialization_pass/mod.rs	e146_getLastUseWithinBlock
e354_getReturnValsIfSimpleConditional	354/656	1	447	27	dcc/src/Transform/Sentient/RemoveRedundantConditionals.cpp:121	12438-12467	crates/compiler/deeptools/src/transform/sentient/remove_redundant_conditionals/redundant_conditional_manager.rs	e252_size
e355_runOnOperation	355/656	1	453	5	dcc/src/Transform/Sentient/ReuseLoopIteratorArguments.cpp:102	12476-12481	crates/compiler/deeptools/src/transform/sentient/reuse_loop_iterator_arguments/mod.rs	e147_runOn
e356_reuseIdenticalIterArgs	356/656	1	454	64	dcc/src/Transform/Sentient/ReuseLoopIteratorArguments.cpp:345	12490-12555	crates/compiler/deeptools/src/transform/sentient/reuse_loop_iterator_arguments/mod.rs	e252_size
e357_areUsersLiverangesOverlapping	357/656	1	456	23	dcc/src/Transform/Sentient/ReuseLoopIteratorArguments.cpp:458	12564-12589	crates/compiler/deeptools/src/transform/sentient/reuse_loop_iterator_arguments/mod.rs	e148_collectResultsOfNonYieldFeedingUsers
e358_collectCandidates	358/656	1	466	65	dcc/src/Transform/Sentient/ScalarCopyInsertionForSymbols.cpp:297	12598-12665	crates/compiler/deeptools/src/transform/sentient/scalar_copy_insertion_for_symbols/mod.rs	e252_size
e359_insertCopyOpsForCandidates	359/656	1	463	49	dcc/src/Transform/Sentient/ScalarCopyInsertionForSymbols.cpp:365	12674-12724	crates/compiler/deeptools/src/transform/sentient/scalar_copy_insertion_for_symbols/mod.rs	e151_insertCopyOpsForJCRCandidate,e154_propagateElementSizeToCopyOp
e360_dumpSymbolUsageInfo	360/656	1	469	32	dcc/src/Transform/Sentient/ScalarCopyInsertionForSymbols.cpp:512	12733-12765	crates/compiler/deeptools/src/transform/sentient/scalar_copy_insertion_for_symbols/mod.rs	e252_size
e361_isImmutableValueInRange	361/656	1	475	28	dcc/src/Transform/Sentient/ScalarOpMergingAndHoisting.cpp:232	12774-12804	crates/compiler/deeptools/src/transform/sentient/scalar_op_merging_and_hoisting/mod.rs	e157_doesImmutableImmExceedRange,e158_doesValueExceedLRFRange
e362_isFieldUnrollCandidate	362/656	1	485	124	dcc/src/Transform/Sentient/ScalarOpMergingAndHoisting.cpp:1080	12813-12938	crates/compiler/deeptools/src/transform/sentient/scalar_op_merging_and_hoisting/scalar_op_merging.rs	e157_doesImmutableImmExceedRange,e161_addSpeculativeImmutable
e363_markFieldUnrollingCandidates	363/656	1	484	87	dcc/src/Transform/Sentient/ScalarOpMergingAndHoisting.cpp:1206	12947-13034	crates/compiler/deeptools/src/transform/sentient/scalar_op_merging_and_hoisting/scalar_op_merging.rs	e157_doesImmutableImmExceedRange,e166_isProfitableForHoisting,e167_sortBlocks
e364_doScalarOpMerging	364/656	1	489	135	dcc/src/Transform/Sentient/ScalarOpMergingAndHoisting.cpp:1334	13043-13178	crates/compiler/deeptools/src/transform/sentient/scalar_op_merging_and_hoisting/scalar_op_merging.rs	e166_isProfitableForHoisting,e169_findFieldUnrollCandidate
e365_applyOperationData	365/656	1	497	54	dcc/src/Transform/Sentient/ScalarOpMergingAndHoisting.cpp:1740	13187-13242	crates/compiler/deeptools/src/transform/sentient/scalar_op_merging_and_hoisting/scalar_op_hoisting.rs	e172_addToOrReplaceOp
e366_runOn	366/656	1	506	130	dcc/src/Transform/Sentient/ScalarOpMergingAndHoisting.cpp:2258	13251-13381	crates/compiler/deeptools/src/transform/sentient/scalar_op_merging_and_hoisting/mod.rs	e252_size
e367_runOnOperation	367/656	1	511	5	dcc/src/Transform/Sentient/ScalarOpReordering.cpp:74	13390-13395	crates/compiler/deeptools/src/transform/sentient/scalar_op_reordering/mod.rs	e175_runOn
e368_getFirstUseWithinBlock	368/656	1	515	23	dcc/src/Transform/Sentient/ScalarOpReordering.cpp:383	13404-13427	crates/compiler/deeptools/src/transform/sentient/scalar_op_reordering/mod.rs	e178_findAncestorInBlock
e369_getLastUseWithinBlock	369/656	1	517	23	dcc/src/Transform/Sentient/ScalarOpReordering.cpp:407	13436-13459	crates/compiler/deeptools/src/transform/sentient/scalar_op_reordering/mod.rs	e178_findAncestorInBlock
e370_localeHasFreeRegs	370/656	1	516	30	dcc/src/Transform/Sentient/ScalarOpReordering.cpp:431	13468-13498	crates/compiler/deeptools/src/transform/sentient/scalar_op_reordering/mod.rs	e056_set,e063_getMaxRegNum
e371_transformIfCondition	371/656	1	522	109	dcc/src/Transform/Sentient/ScalarSimplifications.cpp:77	13507-13618	crates/compiler/deeptools/src/transform/sentient/scalar_simplifications/mod.rs	e179_updateCmpIPredicate,e252_size
e372_areAllExprsValidToTransform	372/656	1	524	50	dcc/src/Transform/Sentient/ScalarSimplifications.cpp:716	13627-13679	crates/compiler/deeptools/src/transform/sentient/scalar_simplifications/sentient.rs	e252_size
e373_areFlatExprsAndArgsIdentical	373/656	1	195	29	dcc/src/Transform/Sentient/ScalarSimplifications.cpp:840	13688-13719	crates/compiler/deeptools/src/transform/sentient/scalar_simplifications/sentient.rs	e252_size
e374_isEqual	374/656	1	534	8	dcc/src/Transform/Sentient/SetActiveMaskValueRE.hpp:30	13728-13736	crates/compiler/deeptools/src/transform/sentient/set_active_mask_value_re/mod.rs	e184_maskValuesAreEquivalent
e375_initializeDataflowInfo	375/656	1	540	17	dcc/src/Transform/Sentient/SetMaskRE.cpp:203	13745-13762	crates/compiler/deeptools/src/transform/sentient/set_mask_re/set_mask_rde_tree.rs	e044_isOperationADef,e185_isOperationAUse
e376_isEqual	376/656	1	543	7	dcc/src/Transform/Sentient/SetMaskRE.cpp:235	13771-13778	crates/compiler/deeptools/src/transform/sentient/set_mask_re/set_mask_gen_value.rs	e189_maskValuesAreEquivalent
e377_setSetMaskWrap	377/656	1	547	9	dcc/src/Transform/Sentient/SetMaskRE.cpp:299	13787-13796	crates/compiler/deeptools/src/transform/sentient/set_mask_re/set_mask_rde_tree_optimizer.rs	e252_size
e378_optimize	378/656	1	176	34	dcc/src/Transform/Sentient/SetMaskRE.cpp:311	13805-13839	crates/compiler/deeptools/src/transform/sentient/set_mask_re/set_mask_rde_tree_optimizer.rs	e188_print,e192_print,e193_deadIncrMaskOptimization,e194_absorbIncrMask
e379_initializeDataflowInfoForLXLU	379/656	1	560	32	dcc/src/Transform/Sentient/SetSendDestinationRE.cpp:244	13848-13880	crates/compiler/deeptools/src/transform/sentient/set_send_destination_re/set_send_dst_rde_tree.rs	e196_isOperationAUse
e380_initializeDataflowInfoForSFP	380/656	1	559	30	dcc/src/Transform/Sentient/SetSendDestinationRE.cpp:277	13889-13919	crates/compiler/deeptools/src/transform/sentient/set_send_destination_re/set_send_dst_rde_tree.rs	e196_isOperationAUse
e381_dump	381/656	1	573	7	dcc/src/Transform/Sentient/SinkScalarCopy.cpp:144	13928-13935	crates/compiler/deeptools/src/transform/sentient/sink_scalar_copy/mod.rs	e211_dump
e382_performGraphColoring	382/656	1	394	484	dcc/src/Transform/Sentient/SmartRegisterAllocation.cpp:136	13944-14430	crates/compiler/deeptools/src/transform/sentient/smart_register_allocation/mod.rs	e252_size
e383_runOn	383/656	1	587	17	dcc/src/Transform/Sentient/SpecializedCanonicalization.cpp:170	14439-14456	crates/compiler/deeptools/src/transform/sentient/specialized_canonicalization/mod.rs	e218_runOn,e219_runOn,e220_runOn,e221_initialize,e222_clear,e384_runOn
e384_runOn	384/656	1	587	4	dcc/src/Transform/Sentient/SpecializedCanonicalization.cpp:188	14465-14469	crates/compiler/deeptools/src/transform/sentient/specialized_canonicalization/mod.rs	e218_runOn,e219_runOn,e220_runOn,e383_runOn
e385_appendValueForwarding	385/656	1	590	6	dcc/src/Transform/Sentient/StoreAndForwardFusion.cpp:100	14478-14487	crates/compiler/deeptools/src/transform/sentient/store_and_forward_fusion/mod.rs	e223_appendToVector
e386_isEligibleToFuse	386/656	1	594	87	dcc/src/Transform/Sentient/StoreAndForwardFusion.cpp:219	14496-14586	crates/compiler/deeptools/src/transform/sentient/store_and_forward_fusion/mod.rs	e248_getFoldModeAttributeIfExists
e387_fillOperandForTrivialOp	387/656	1	595	19	dcc/src/Transform/Sentient/StoreAndForwardFusion.cpp:318	14595-14617	crates/compiler/deeptools/src/transform/sentient/store_and_forward_fusion/mod.rs	e225_isOpTrivialMacOp,e226_isOpTrivialBinaryOp
e388_isSubSet	388/656	1	601	5	dcc/src/Transform/Sentient/SyncSendRecvFusion.cpp:60	14626-14631	crates/compiler/deeptools/src/transform/sentient/sync_send_recv_fusion/mod.rs	e229_isIn
e389_runOnOperation	389/656	1	604	26	dcc/src/Transform/Sentient/SyncSendRecvFusion.cpp:120	14640-14666	crates/compiler/deeptools/src/transform/sentient/sync_send_recv_fusion/mod.rs	e230_FuseSyncSendRecv,e231_getNextEligableNode
e390_runOn	390/656	1	607	21	dcc/src/Transform/Sentient/ToggleReordering.cpp:200	14675-14696	crates/compiler/deeptools/src/transform/sentient/toggle_reordering/mod.rs	e232_reorderToggle,e233_computeToggleInfoIfIsToggle
e391_getIndexOfEntry	391/656	1	613	6	dcc/src/Transform/Sentient/TransformForExposedPipeline.cpp:131	14705-14712	crates/compiler/deeptools/src/transform/sentient/transform_for_exposed_pipeline/mod.rs	e252_size
e392_getQueryKeyAndUnitsFromParentRegion	392/656	1	198	24	dcc/src/Transform/Sentient/Utils.cpp:40	14721-14746	crates/compiler/deeptools/src/transform/sentient/utils/mod.rs	e252_size
e393_createSentientForOpWithAdditionalIterArgs	393/656	1	128	59	dcc/src/Transform/Sentient/Utils.cpp:195	14755-14816	crates/compiler/deeptools/src/transform/sentient/utils/mod.rs	e252_size
e394_dump	394/656	1	625	6	dcc/src/Transform/Sentient/Utils.cpp:615	14825-14831	crates/compiler/deeptools/src/transform/sentient/utils/units_and_their_values.rs	e252_size
e395_pruneOutOfScopeEntries	395/656	1	228	55	dcc/src/Transform/Sentient/Utils.cpp:635	14840-14896	crates/compiler/deeptools/src/transform/sentient/utils/mod.rs	e252_size
e396_replaceValue	396/656	1	366	4	dcc/src/Transform/Sentient/Utils.hpp:175	14905-14909	crates/compiler/deeptools/src/transform/sentient/utils/mod.rs	e252_size
e397_runOnOperation	397/656	1	628	6	dcc/src/Transform/Sentient/VectorRegisterInitialization.cpp:66	14918-14924	crates/compiler/deeptools/src/transform/sentient/vector_register_initialization/mod.rs	e254_runOn
e398_runOn	398/656	1	631	44	dcc/src/Transform/Sentient/VectorRegisterInitialization.cpp:80	14933-14977	crates/compiler/deeptools/src/transform/sentient/vector_register_initialization/mod.rs	e255_isCandidate,e256_markForRegisterInit
e399_getMin	399/656	2	2	4	dcc/src/Transform/Sentient/AddressPinningAndToggle.cpp:182	14986-14990	crates/compiler/deeptools/src/transform/sentient/address_pinning_and_toggle/mod.rs	e278_isValid
e400_getMax	400/656	2	3	4	dcc/src/Transform/Sentient/AddressPinningAndToggle.cpp:187	14999-15003	crates/compiler/deeptools/src/transform/sentient/address_pinning_and_toggle/mod.rs	e278_isValid
e401_getC1	401/656	2	11	4	dcc/src/Transform/Sentient/AddressPinningAndToggle.cpp:246	15012-15016	crates/compiler/deeptools/src/transform/sentient/address_pinning_and_toggle/mod.rs	e278_isValid
e402_getIterArgIndex	402/656	2	12	4	dcc/src/Transform/Sentient/AddressPinningAndToggle.cpp:251	15025-15029	crates/compiler/deeptools/src/transform/sentient/address_pinning_and_toggle/mod.rs	e278_isValid
e403_getMin	403/656	2	14	4	dcc/src/Transform/Sentient/AddressPinningAndToggle.cpp:320	15038-15042	crates/compiler/deeptools/src/transform/sentient/address_pinning_and_toggle/mod.rs	e278_isValid
e404_getMax	404/656	2	15	4	dcc/src/Transform/Sentient/AddressPinningAndToggle.cpp:325	15051-15055	crates/compiler/deeptools/src/transform/sentient/address_pinning_and_toggle/mod.rs	e278_isValid
e405_getMin	405/656	2	17	13	dcc/src/Transform/Sentient/AddressPinningAndToggle.cpp:360	15064-15077	crates/compiler/deeptools/src/transform/sentient/address_pinning_and_toggle/mod.rs	e278_isValid
e406_getMax	406/656	2	18	13	dcc/src/Transform/Sentient/AddressPinningAndToggle.cpp:374	15086-15099	crates/compiler/deeptools/src/transform/sentient/address_pinning_and_toggle/mod.rs	e278_isValid
e407_getInit	407/656	2	7	4	dcc/src/Transform/Sentient/AddressPinningAndToggle.cpp:388	15108-15112	crates/compiler/deeptools/src/transform/sentient/address_pinning_and_toggle/mod.rs	e278_isValid
e408_getAllConstants	408/656	2	19	16	dcc/src/Transform/Sentient/AddressPinningAndToggle.cpp:393	15121-15137	crates/compiler/deeptools/src/transform/sentient/address_pinning_and_toggle/mod.rs	e278_isValid
e409_getMin	409/656	2	21	5	dcc/src/Transform/Sentient/AddressPinningAndToggle.cpp:470	15146-15151	crates/compiler/deeptools/src/transform/sentient/address_pinning_and_toggle/mod.rs	e278_isValid
e410_getMax	410/656	2	22	5	dcc/src/Transform/Sentient/AddressPinningAndToggle.cpp:476	15160-15165	crates/compiler/deeptools/src/transform/sentient/address_pinning_and_toggle/mod.rs	e278_isValid
e411_getInit	411/656	2	6	4	dcc/src/Transform/Sentient/AddressPinningAndToggle.cpp:482	15174-15178	crates/compiler/deeptools/src/transform/sentient/address_pinning_and_toggle/mod.rs	e278_isValid
e412_getMin	412/656	2	24	7	dcc/src/Transform/Sentient/AddressPinningAndToggle.cpp:566	15187-15194	crates/compiler/deeptools/src/transform/sentient/address_pinning_and_toggle/mod.rs	e278_isValid
e413_getMax	413/656	2	25	7	dcc/src/Transform/Sentient/AddressPinningAndToggle.cpp:574	15203-15210	crates/compiler/deeptools/src/transform/sentient/address_pinning_and_toggle/mod.rs	e278_isValid
e414_getInit	414/656	2	5	4	dcc/src/Transform/Sentient/AddressPinningAndToggle.cpp:582	15219-15223	crates/compiler/deeptools/src/transform/sentient/address_pinning_and_toggle/mod.rs	e278_isValid
e415_isSimpleConstant	415/656	2	29	4	dcc/src/Transform/Sentient/AddressPinningAndToggle.cpp:673	15232-15236	crates/compiler/deeptools/src/transform/sentient/address_pinning_and_toggle/mod.rs	e278_isValid
e416_clear_all	416/656	2	35	6	dcc/src/Transform/Sentient/AddressPinningAndToggle.cpp:886	15245-15251	crates/compiler/deeptools/src/transform/sentient/address_pinning_and_toggle/mod.rs	e274_validate
e417_isHeadOfLoopingChain	417/656	2	38	7	dcc/src/Transform/Sentient/AddressPinningAndToggle.cpp:920	15260-15267	crates/compiler/deeptools/src/transform/sentient/address_pinning_and_toggle/mod.rs	e273_isHeadOfChain
e418_getOffset	418/656	2	42	7	dcc/src/Transform/Sentient/AddressPinningAndToggle.cpp:1073	15276-15283	crates/compiler/deeptools/src/transform/sentient/address_pinning_and_toggle/mod.rs	e009_createOffsetValue,e257_getBaseAddr
e419_turnHBMConstantOpAddrsToQueryMapsInUniformRegions	419/656	2	95	13	dcc/src/Transform/Sentient/AddressPinningAndToggle.cpp:1579	15292-15306	crates/compiler/deeptools/src/transform/sentient/address_pinning_and_toggle/mod.rs	e275_turnHBMConstantOpAddrsToQueryMapsHelper
e420_updateImmutableAddr	420/656	2	81	11	dcc/src/Transform/Sentient/AddressPinningAndToggle.cpp:1896	15315-15326	crates/compiler/deeptools/src/transform/sentient/address_pinning_and_toggle/simple_constant_data_transfer_updater.rs	e009_createOffsetValue,e257_getBaseAddr
e421_updateConstantMutableAddr	421/656	2	83	23	dcc/src/Transform/Sentient/AddressPinningAndToggle.cpp:1908	15335-15359	crates/compiler/deeptools/src/transform/sentient/address_pinning_and_toggle/simple_constant_data_transfer_updater.rs	e009_createOffsetValue,e257_getBaseAddr
e422_insert	422/656	2	59	9	dcc/src/Transform/Sentient/AddressPinningAndToggle.cpp:2169	15368-15377	crates/compiler/deeptools/src/transform/sentient/address_pinning_and_toggle/data_transfer_descriptor_container.rs	e274_validate
e423_lookup	423/656	2	64	11	dcc/src/Transform/Sentient/AddressPinningAndToggle.cpp:2179	15386-15398	crates/compiler/deeptools/src/transform/sentient/address_pinning_and_toggle/data_transfer_descriptor_container.rs	e274_validate
e424_dump	424/656	2	75	10	dcc/src/Transform/Sentient/AddressPinningAndToggle.cpp:2628	15407-15417	crates/compiler/deeptools/src/transform/sentient/address_pinning_and_toggle/simple_constant_descriptor.rs	e278_isValid
e425_dump	425/656	2	68	15	dcc/src/Transform/Sentient/AddressPinningAndToggle.cpp:2780	15426-15441	crates/compiler/deeptools/src/transform/sentient/address_pinning_and_toggle/conditional_constant_descriptor.rs	e252_size,e278_isValid,e279_canBeSimplified
e426_dump	426/656	2	67	13	dcc/src/Transform/Sentient/AddressPinningAndToggle.cpp:2954	15450-15463	crates/compiler/deeptools/src/transform/sentient/address_pinning_and_toggle/discrete_integer_set_descriptor.rs	e278_isValid,e279_canBeSimplified
e427_dump	427/656	2	71	12	dcc/src/Transform/Sentient/AddressPinningAndToggle.cpp:3121	15472-15484	crates/compiler/deeptools/src/transform/sentient/address_pinning_and_toggle/looping_chain_mutable_addr_descriptor.rs	e278_isValid,e279_canBeSimplified
e428_addToWorkListAndAssignPrecision	428/656	2	101	10	dcc/src/Transform/Sentient/AddressRegisterPrecisionAssignment.cpp:204	15493-15504	crates/compiler/deeptools/src/transform/sentient/address_register_precision_assignment/mod.rs	e283_assignPrecision
e429_runOnOperation	429/656	2	105	40	dcc/src/Transform/Sentient/AnnotateMacXRFWtRange.cpp:116	15513-15553	crates/compiler/deeptools/src/transform/sentient/annotate_mac_xrf_wt_range/mod.rs	e284_annotateMacOp
e430_runOn	430/656	2	108	21	dcc/src/Transform/Sentient/BurstSplitting.cpp:191	15562-15583	crates/compiler/deeptools/src/transform/sentient/burst_splitting/mod.rs	e285_runOn
e431_processLeaf	431/656	2	145	64	dcc/src/Transform/Sentient/CFGSimplificationSentientLevel.cpp:1023	15592-15660	crates/compiler/deeptools/src/transform/sentient/cfg_simplification_sentient_level/pattern_simplification_manager.rs	e288_createTableEntryAtIdx
e432_transformInContiguousSequenceCase	432/656	2	137	321	dcc/src/Transform/Sentient/CFGSimplificationSentientLevel.cpp:1597	15669-15992	crates/compiler/deeptools/src/transform/sentient/cfg_simplification_sentient_level/pattern_simplification_manager.rs	e032_findExistingIterArg,e033_replaceResultByIterArg,e034_replaceIfOpByIterArg,e035_replacePredicateIVByIterArg,e036_checkCascadingArgUses,e252_size,e393_createSentientForOpWithAdditionalIterArgs
e433_transformInMonotoneSequenceCase	433/656	2	132	91	dcc/src/Transform/Sentient/CFGSimplificationSentientLevel.cpp:1923	16001-16093	crates/compiler/deeptools/src/transform/sentient/cfg_simplification_sentient_level/pattern_simplification_manager.rs	e032_findExistingIterArg,e033_replaceResultByIterArg,e034_replaceIfOpByIterArg,e252_size,e393_createSentientForOpWithAdditionalIterArgs
e434_parseSequence	434/656	2	139	176	dcc/src/Transform/Sentient/CFGSimplificationSentientLevel.cpp:2177	16102-16281	crates/compiler/deeptools/src/transform/sentient/cfg_simplification_sentient_level/pattern_simplification_manager.rs	e023_incrementLength,e024_incrementIntervalMarker,e028_getPrevVal,e029_getEV,e287_getTableEntryAtIdx,e290_insertSequence
e435_codeGenGenericNestedIf	435/656	2	127	71	dcc/src/Transform/Sentient/CFGSimplificationSentientLevel.cpp:2556	16290-16369	crates/compiler/deeptools/src/transform/sentient/cfg_simplification_sentient_level/pattern_simplification_manager.rs	e293_generateEncodingTuple,e295_codeGenGenericTableSlice
e436_duplicateAndUpdateEntriesOfQueryMapInLocalRegions	436/656	2	151	13	dcc/src/Transform/Sentient/Deuniform.cpp:139	16378-16393	crates/compiler/deeptools/src/transform/sentient/deuniform/mod.rs	e298_duplicateAndUpdateEntriesOfQueryMap
e437_initializeWorkList	437/656	2	161	4	dcc/src/Transform/Sentient/EnhancedDeadVariableElimination.cpp:685	16402-16406	crates/compiler/deeptools/src/transform/sentient/enhanced_dead_variable_elimination/mod.rs	e301_initializeAssignmentForAnOperation
e438_runOn	438/656	2	177	18	dcc/src/Transform/Sentient/ImplicitSyncRE.cpp:58	16415-16433	crates/compiler/deeptools/src/transform/sentient/implicit_sync_re/mod.rs	e378_optimize
e439_runOnOperation	439/656	2	190	12	dcc/src/Transform/Sentient/LexicalOrdering.cpp:99	16442-16454	crates/compiler/deeptools/src/transform/sentient/lexical_ordering/mod.rs	e051_runOn,e303_runOn
e440_addToMap	440/656	2	208	25	dcc/src/Transform/Sentient/LiveRangeReduction.cpp:241	16463-16489	crates/compiler/deeptools/src/transform/sentient/live_range_reduction/mod.rs	e252_size,e305_getBaseExpr
e441_findDominantValue	441/656	2	212	38	dcc/src/Transform/Sentient/LiveRangeReduction.cpp:480	16498-16538	crates/compiler/deeptools/src/transform/sentient/live_range_reduction/mod.rs	e058_areElementSizeIdentical,e060_areReglocalesMatching,e306_getRootIterArg
e442_addResultToYield	442/656	2	220	140	dcc/src/Transform/Sentient/LiveRangeReduction.cpp:961	16547-16690	crates/compiler/deeptools/src/transform/sentient/live_range_reduction/mod.rs	e059_getFirstGlobalOrConstantAncestor,e239_getOperationOfBlock,e252_size,e307_cloneValueToRegion,e392_getQueryKeyAndUnitsFromParentRegion
e443_createMapAndQuery	443/656	2	213	43	dcc/src/Transform/Sentient/LiveRangeReduction.cpp:1216	16699-16743	crates/compiler/deeptools/src/transform/sentient/live_range_reduction/mod.rs	e252_size,e392_getQueryKeyAndUnitsFromParentRegion
e444_analyze	444/656	2	227	32	dcc/src/Transform/Sentient/LocalRegionSplittingForValueCommoning.cpp:273	16752-16786	crates/compiler/deeptools/src/transform/sentient/local_region_splitting_for_value_commoning/mod.rs	e061_addLocalRegion,e062_collectUniformMaps,e063_getMaxRegNum,e252_size,e308_cluster
e445_coalesceLoops	445/656	2	252	165	dcc/src/Transform/Sentient/LoopCoalescing.cpp:135	16795-16961	crates/compiler/deeptools/src/transform/sentient/loop_coalescing/mod.rs	e071_getLargestDivisor,e072_isAllLessThanMax,e252_size,e312_splitBounds
e446_subsets	446/656	2	302	12	dcc/src/Transform/Sentient/LoopSplittingAndUnrolling.cpp:635	16970-16983	crates/compiler/deeptools/src/transform/sentient/loop_splitting_and_unrolling/mod.rs	e252_size,e320_subsetsImpl
e447_splitLoopNWay	447/656	2	303	129	dcc/src/Transform/Sentient/LoopSplittingAndUnrolling.cpp:858	16992-17122	crates/compiler/deeptools/src/transform/sentient/loop_splitting_and_unrolling/mod.rs	e091_findAllSplitVals,e252_size,e319_getAllTrueIndexOfIfOpsList
e448_performLoopPeeling	448/656	2	315	63	dcc/src/Transform/Sentient/MultiDimLoopPeeling.cpp:543	17131-17194	crates/compiler/deeptools/src/transform/sentient/multi_dim_loop_peeling/loop_peeling_manager.rs	e093_stringifyPeelingType,e095_decrementPredicatesOnIV,e096_simplifyConditionals,e322_copyOneIter
e449_calcSSAWeight	449/656	2	352	9	dcc/src/Transform/Sentient/OldRegisterInitialization.cpp:252	17203-17212	crates/compiler/deeptools/src/transform/sentient/old_register_initialization/register_init_info.rs	e327_calcSSAWeight
e450_collectAllRegCoalescingCandidates	450/656	2	357	9	dcc/src/Transform/Sentient/OldRegisterInitialization.cpp:361	17221-17230	crates/compiler/deeptools/src/transform/sentient/old_register_initialization/register_init_info.rs	e329_collectAllRegCoalescingCandidates
e451_collectRegInitAndRegCoalescingCandidateFast	451/656	2	360	114	dcc/src/Transform/Sentient/OldRegisterInitialization.cpp:548	17239-17354	crates/compiler/deeptools/src/transform/sentient/old_register_initialization/register_init_info.rs	e063_getMaxRegNum,e107_hasUniformizeRegion,e252_size,e330_getNextMaxWeight
e452_postProcessing	452/656	2	376	27	dcc/src/Transform/Sentient/OldRegisterInitialization.cpp:1047	17363-17390	crates/compiler/deeptools/src/transform/sentient/old_register_initialization/register_init_candidate_promoter.rs	e109_eraseDeletedOps,e326_replaceVirtualAssignTarget,e332_moveSSAToInit
e453_updateRefOpUnrollInfo	453/656	2	326	36	dcc/src/Transform/Sentient/OpRerolling.cpp:139	17399-17440	crates/compiler/deeptools/src/transform/sentient/op_rerolling/mod.rs	e113_isXrfRdOp,e114_isXrfWtOp,e115_reset,e122_incrementUnrollSize,e337_updateUnrollInfo,e338_setUnrollFieldsInStmt
e454_updateRefOpUnrollFields	454/656	2	380	14	dcc/src/Transform/Sentient/OpRerolling.cpp:181	17449-17466	crates/compiler/deeptools/src/transform/sentient/op_rerolling/mod.rs	e115_reset,e338_setUnrollFieldsInStmt
e455_buildGraphNodes	455/656	2	390	6	dcc/src/Transform/Sentient/PortAssignment.cpp:636	17475-17482	crates/compiler/deeptools/src/transform/sentient/port_assignment/mod.rs	e339_addNodesToGraph
e456_runOn	456/656	2	404	15	dcc/src/Transform/Sentient/ReadOnlyRegisterRenumbering.cpp:183	17491-17506	crates/compiler/deeptools/src/transform/sentient/read_only_register_renumbering/mod.rs	e127_runOn,e128_doRenumbering,e129_cleanup,e130_runOn,e221_initialize,e343_computeNewRegisterIndices
e457_runOnOperation	457/656	2	406	1	dcc/src/Transform/Sentient/RegisterAllocation.cpp:321	17515-17516	crates/compiler/deeptools/src/transform/sentient/register_allocation/mod.rs	e344_naivelyAllocate
e458_runOn	458/656	2	409	68	dcc/src/Transform/Sentient/RegisterInitialization.cpp:182	17525-17593	crates/compiler/deeptools/src/transform/sentient/register_initialization/mod.rs	e345_run
e459_computeNewRegisterIndices	459/656	2	414	53	dcc/src/Transform/Sentient/RegisterPacking.cpp:182	17602-17656	crates/compiler/deeptools/src/transform/sentient/register_packing/mod.rs	e132_setNewRegisterIndex,e252_size,e348_updateRegIndex
e460_runOnAllOps	460/656	2	417	21	dcc/src/Transform/Sentient/RegisterPacking.cpp:275	17665-17686	crates/compiler/deeptools/src/transform/sentient/register_packing/mod.rs	e135_getRegTypeAndIndex,e349_getRegWithType
e461_runOnForOp	461/656	2	419	38	dcc/src/Transform/Sentient/RegisterPacking.cpp:333	17695-17733	crates/compiler/deeptools/src/transform/sentient/register_packing/mod.rs	e135_getRegTypeAndIndex,e136_fillTypedRegCollection,e252_size,e349_getRegWithType
e462_runOnCopyOp	462/656	2	420	12	dcc/src/Transform/Sentient/RegisterPacking.cpp:373	17742-17754	crates/compiler/deeptools/src/transform/sentient/register_packing/mod.rs	e136_fillTypedRegCollection,e349_getRegWithType
e463_addToWorkListCreateCopyAndUpdateAssignment	463/656	2	431	17	dcc/src/Transform/Sentient/RegisterTypeAssignment.cpp:405	17763-17782	crates/compiler/deeptools/src/transform/sentient/register_type_assignment/mod.rs	e141_addToWorkList,e142_isCopyNeeded,e143_updateAssignment,e252_size,e350_createCopyOperationAndUpdateAssignment
e464_runOn	464/656	2	444	42	dcc/src/Transform/Sentient/RematerializationPass.cpp:175	17791-17833	crates/compiler/deeptools/src/transform/sentient/rematerialization_pass/mod.rs	e145_isCandidateForRematerialization,e353_increasesOperandLiverange
e465_updateIfOpBasedOnParentIfOp	465/656	2	449	65	dcc/src/Transform/Sentient/RemoveRedundantConditionals.cpp:151	17842-17907	crates/compiler/deeptools/src/transform/sentient/remove_redundant_conditionals/redundant_conditional_manager.rs	e244_negatePredicate,e354_getReturnValsIfSimpleConditional
e466_updateIfOpFeedingDynLoopBound	466/656	2	448	77	dcc/src/Transform/Sentient/RemoveRedundantConditionals.cpp:217	17916-17993	crates/compiler/deeptools/src/transform/sentient/remove_redundant_conditionals/redundant_conditional_manager.rs	e244_negatePredicate,e354_getReturnValsIfSimpleConditional
e467_replaceCorrelatedIterArgsInEquivClass	467/656	2	457	81	dcc/src/Transform/Sentient/ReuseLoopIteratorArguments.cpp:259	18002-18087	crates/compiler/deeptools/src/transform/sentient/reuse_loop_iterator_arguments/mod.rs	e357_areUsersLiverangesOverlapping
e468_processMergeableChain	468/656	2	493	58	dcc/src/Transform/Sentient/ScalarOpMergingAndHoisting.cpp:1645	18096-18157	crates/compiler/deeptools/src/transform/sentient/scalar_op_merging_and_hoisting/scalar_op_hoisting.rs	e158_doesValueExceedLRFRange,e361_isImmutableValueInRange
e469_hoistForLinearChain	469/656	2	502	29	dcc/src/Transform/Sentient/ScalarOpMergingAndHoisting.cpp:2034	18166-18197	crates/compiler/deeptools/src/transform/sentient/scalar_op_merging_and_hoisting/scalar_op_hoisting.rs	e173_hoistCandidateOutOfLoop,e365_applyOperationData
e470_isCandidateForReordering	470/656	2	518	67	dcc/src/Transform/Sentient/ScalarOpReordering.cpp:462	18206-18273	crates/compiler/deeptools/src/transform/sentient/scalar_op_reordering/mod.rs	e368_getFirstUseWithinBlock,e369_getLastUseWithinBlock
e471_simplifyConditionals	471/656	2	523	118	dcc/src/Transform/Sentient/ScalarSimplifications.cpp:194	18282-18402	crates/compiler/deeptools/src/transform/sentient/scalar_simplifications/mod.rs	e252_size,e371_transformIfCondition
e472_createNewOpOrMap	472/656	2	196	63	dcc/src/Transform/Sentient/ScalarSimplifications.cpp:769	18411-18481	crates/compiler/deeptools/src/transform/sentient/scalar_simplifications/sentient.rs	e252_size,e373_areFlatExprsAndArgsIdentical
e473_runOn	473/656	2	528	18	dcc/src/Transform/Sentient/SetActiveMaskValueRE.cpp:54	18490-18508	crates/compiler/deeptools/src/transform/sentient/set_active_mask_value_re/mod.rs	e378_optimize
e474_runOn	474/656	2	537	26	dcc/src/Transform/Sentient/SetMaskRE.cpp:151	18517-18543	crates/compiler/deeptools/src/transform/sentient/set_mask_re/mod.rs	e188_print,e192_print,e378_optimize
e475_runOn	475/656	2	555	54	dcc/src/Transform/Sentient/SetSendDestinationRE.cpp:109	18552-18606	crates/compiler/deeptools/src/transform/sentient/set_send_destination_re/mod.rs	e195_determineOptimizationMode,e200_print,e201_print,e202_print,e205_print,e206_print,e207_print,e378_optimize
e476_initializeDataflowInfo	476/656	2	561	8	dcc/src/Transform/Sentient/SetSendDestinationRE.cpp:235	18615-18623	crates/compiler/deeptools/src/transform/sentient/set_send_destination_re/set_send_dst_rde_tree.rs	e379_initializeDataflowInfoForLXLU,e380_initializeDataflowInfoForSFP
e477_runOn	477/656	2	576	25	dcc/src/Transform/Sentient/SinkScalarCopy.cpp:189	18632-18657	crates/compiler/deeptools/src/transform/sentient/sink_scalar_copy/mod.rs	e211_dump,e213_addRegion,e381_dump
e478_doRegisterAllocation	478/656	2	580	5	dcc/src/Transform/Sentient/SmartRegisterAllocation.cpp:81	18666-18672	crates/compiler/deeptools/src/transform/sentient/smart_register_allocation/mod.rs	e216_clean,e382_performGraphColoring
e479_runOnOperation	479/656	2	588	5	dcc/src/Transform/Sentient/SpecializedCanonicalization.cpp:58	18681-18686	crates/compiler/deeptools/src/transform/sentient/specialized_canonicalization/mod.rs	e218_runOn,e219_runOn,e220_runOn,e383_runOn,e384_runOn
e480_FuseStoreAndForward	480/656	2	598	119	dcc/src/Transform/Sentient/StoreAndForwardFusion.cpp:434	18695-18815	crates/compiler/deeptools/src/transform/sentient/store_and_forward_fusion/mod.rs	e223_appendToVector,e224_findFusibleOp,e227_fillOperandForFusibleOp,e228_updateFusibleOp,e248_getFoldModeAttributeIfExists,e385_appendValueForwarding,e386_isEligibleToFuse,e387_fillOperandForTrivialOp
e481_runOn	481/656	2	608	18	dcc/src/Transform/Sentient/ToggleReordering.cpp:181	18824-18842	crates/compiler/deeptools/src/transform/sentient/toggle_reordering/mod.rs	e390_runOn
e482_computeDependenciesSameBlock	482/656	2	614	82	dcc/src/Transform/Sentient/TransformForExposedPipeline.cpp:139	18851-18935	crates/compiler/deeptools/src/transform/sentient/transform_for_exposed_pipeline/mod.rs	e236_macOpsFlowDependence,e252_size,e391_getIndexOfEntry
e483_computeDependenciesAcrossBlocks	483/656	2	615	59	dcc/src/Transform/Sentient/TransformForExposedPipeline.cpp:224	18944-19005	crates/compiler/deeptools/src/transform/sentient/transform_for_exposed_pipeline/mod.rs	e236_macOpsFlowDependence,e252_size,e391_getIndexOfEntry
e484_runOn	484/656	2	619	12	dcc/src/Transform/Sentient/UniformMapCanonicalization.cpp:83	19014-19026	crates/compiler/deeptools/src/transform/sentient/uniform_map_canonicalization/mod.rs	e395_pruneOutOfScopeEntries
e485_getX	485/656	3	8	5	dcc/src/Transform/Sentient/AddressPinningAndToggle.cpp:227	19035-19040	crates/compiler/deeptools/src/transform/sentient/address_pinning_and_toggle/mod.rs	e015_getInit,e278_isValid,e407_getInit,e411_getInit,e414_getInit
e486_getSimpleConstantDescriptor	486/656	3	30	4	dcc/src/Transform/Sentient/AddressPinningAndToggle.cpp:698	19049-19053	crates/compiler/deeptools/src/transform/sentient/address_pinning_and_toggle/mod.rs	e415_isSimpleConstant
e487_getSimpleConstantDescriptor	487/656	3	31	4	dcc/src/Transform/Sentient/AddressPinningAndToggle.cpp:702	19062-19066	crates/compiler/deeptools/src/transform/sentient/address_pinning_and_toggle/mod.rs	e415_isSimpleConstant
e488_computeOrGetNumberOfStreams	488/656	3	66	10	dcc/src/Transform/Sentient/AddressPinningAndToggle.cpp:1439	19075-19085	crates/compiler/deeptools/src/transform/sentient/address_pinning_and_toggle/mod.rs	e252_size,e422_insert
e489_cleanup	489/656	3	46	9	dcc/src/Transform/Sentient/AddressPinningAndToggle.cpp:1656	19094-19103	crates/compiler/deeptools/src/transform/sentient/address_pinning_and_toggle/mod.rs	e416_clear_all
e490_updateVariableOffsetCalculation	490/656	3	80	10	dcc/src/Transform/Sentient/AddressPinningAndToggle.cpp:2131	19112-19123	crates/compiler/deeptools/src/transform/sentient/address_pinning_and_toggle/integer_sequence_data_transfer_updater.rs	e009_createOffsetValue,e015_getInit,e267_getIntegerSequenceDescriptor,e268_getIntegerSequenceDescriptor,e402_getIterArgIndex,e407_getInit,e411_getInit,e414_getInit
e491_computeChainingInfo	491/656	3	65	120	dcc/src/Transform/Sentient/AddressPinningAndToggle.cpp:2192	19132-19252	crates/compiler/deeptools/src/transform/sentient/address_pinning_and_toggle/data_transfer_descriptor_container.rs	e007_isPartOfSomeChain,e008_setChainingInfo,e252_size,e273_isHeadOfChain,e278_isValid,e417_isHeadOfLoopingChain,e423_lookup
e492_dump	492/656	3	56	28	dcc/src/Transform/Sentient/AddressPinningAndToggle.cpp:2521	19261-19289	crates/compiler/deeptools/src/transform/sentient/address_pinning_and_toggle/data_transfer_descriptor.rs	e258_isToggle,e259_isConditionalConstant,e260_isIntegerSequence,e261_isDiscreteIntegerSet,e262_isLoopingChainMutableAddr,e415_isSimpleConstant
e493_dump	493/656	3	70	20	dcc/src/Transform/Sentient/AddressPinningAndToggle.cpp:2877	19298-19318	crates/compiler/deeptools/src/transform/sentient/address_pinning_and_toggle/integer_sequence_descriptor.rs	e002_getAllConstants,e252_size,e278_isValid,e279_canBeSimplified,e408_getAllConstants
e494_processAddressSSAValue	494/656	3	102	223	dcc/src/Transform/Sentient/AddressRegisterPrecisionAssignment.cpp:221	19327-19551	crates/compiler/deeptools/src/transform/sentient/address_register_precision_assignment/mod.rs	e428_addToWorkListAndAssignPrecision
e495_runOnOperation	495/656	3	109	5	dcc/src/Transform/Sentient/BurstSplitting.cpp:213	19560-19565	crates/compiler/deeptools/src/transform/sentient/burst_splitting/mod.rs	e285_runOn,e430_runOn
e496_parseFixedDims	496/656	3	140	59	dcc/src/Transform/Sentient/CFGSimplificationSentientLevel.cpp:2021	19574-19638	crates/compiler/deeptools/src/transform/sentient/cfg_simplification_sentient_level/pattern_simplification_manager.rs	e027_print,e252_size,e434_parseSequence
e497_duplicateAndUpdateRegionsOfLocalRegionOps	497/656	3	154	88	dcc/src/Transform/Sentient/Deuniform.cpp:284	19647-19737	crates/compiler/deeptools/src/transform/sentient/deuniform/mod.rs	e252_size,e299_expandAllGroupsToUnitsAndUpdateSizes,e436_duplicateAndUpdateEntriesOfQueryMapInLocalRegions
e498_updateForOperation	498/656	3	165	141	dcc/src/Transform/Sentient/EnhancedDeadVariableElimination.cpp:127	19746-19888	crates/compiler/deeptools/src/transform/sentient/enhanced_dead_variable_elimination/mod.rs	e041_getInfluenceType,e252_size,e422_insert
e499_updateIfOperation	499/656	3	164	49	dcc/src/Transform/Sentient/EnhancedDeadVariableElimination.cpp:272	19897-19947	crates/compiler/deeptools/src/transform/sentient/enhanced_dead_variable_elimination/mod.rs	e041_getInfluenceType,e422_insert
e500_updateUniformizeRegionsOperation	500/656	3	166	38	dcc/src/Transform/Sentient/EnhancedDeadVariableElimination.cpp:325	19956-19995	crates/compiler/deeptools/src/transform/sentient/enhanced_dead_variable_elimination/mod.rs	e041_getInfluenceType,e422_insert
e501_runOn	501/656	3	178	4	dcc/src/Transform/Sentient/ImplicitSyncRE.cpp:77	20004-20008	crates/compiler/deeptools/src/transform/sentient/implicit_sync_re/mod.rs	e438_runOn
e502_reconstructOperation	502/656	3	214	259	dcc/src/Transform/Sentient/LiveRangeReduction.cpp:546	20017-20278	crates/compiler/deeptools/src/transform/sentient/live_range_reduction/mod.rs	e057_print,e252_size,e443_createMapAndQuery
e503_mapAllValues	503/656	3	215	48	dcc/src/Transform/Sentient/LiveRangeReduction.cpp:827	20287-20336	crates/compiler/deeptools/src/transform/sentient/live_range_reduction/mod.rs	e440_addToMap
e504_optimizeUniformRegionYieldedValues	504/656	3	221	47	dcc/src/Transform/Sentient/LiveRangeReduction.cpp:1167	20345-20393	crates/compiler/deeptools/src/transform/sentient/live_range_reduction/mod.rs	e239_getOperationOfBlock,e252_size,e442_addResultToYield
e505_transform	505/656	3	229	91	dcc/src/Transform/Sentient/LocalRegionSplittingForValueCommoning.cpp:347	20402-20494	crates/compiler/deeptools/src/transform/sentient/local_region_splitting_for_value_commoning/mod.rs	e252_size,e395_pruneOutOfScopeEntries,e422_insert
e506_canAbsorbToTheLeft	506/656	3	238	99	dcc/src/Transform/Sentient/LoopAbsorption.cpp:135	20503-20603	crates/compiler/deeptools/src/transform/sentient/loop_absorption/loop_absorption_manager.rs	e068_doChildrenLeftSiblingSubtreeHeightsMatch,e422_insert
e507_canAbsorbToTheRight	507/656	3	241	103	dcc/src/Transform/Sentient/LoopAbsorption.cpp:282	20612-20716	crates/compiler/deeptools/src/transform/sentient/loop_absorption/loop_absorption_manager.rs	e069_doChildrenRightSiblingSubtreeHeightsMatch,e422_insert
e508_loopsAreMergeable	508/656	3	264	94	dcc/src/Transform/Sentient/LoopMerging.cpp:83	20725-20820	crates/compiler/deeptools/src/transform/sentient/loop_merging/mod.rs	e075_getNextEligibleOp,e252_size,e422_insert
e509_insertNextInstr	509/656	3	270	15	dcc/src/Transform/Sentient/LoopRolling.cpp:114	20829-20844	crates/compiler/deeptools/src/transform/sentient/loop_rolling/mod.rs	e422_insert
e510_insertOperandKind	510/656	3	273	3	dcc/src/Transform/Sentient/LoopRolling.cpp:183	20853-20856	crates/compiler/deeptools/src/transform/sentient/loop_rolling/mod.rs	e422_insert
e511_insertOperandDelta	511/656	3	274	3	dcc/src/Transform/Sentient/LoopRolling.cpp:186	20865-20868	crates/compiler/deeptools/src/transform/sentient/loop_rolling/mod.rs	e422_insert
e512_collectStartingValIterArgs	512/656	3	282	86	dcc/src/Transform/Sentient/LoopRolling.cpp:592	20877-20965	crates/compiler/deeptools/src/transform/sentient/loop_rolling/mod.rs	e252_size,e422_insert
e513_unrollLoop	513/656	3	290	86	dcc/src/Transform/Sentient/LoopSplittingAndUnrolling.cpp:207	20974-21061	crates/compiler/deeptools/src/transform/sentient/loop_splitting_and_unrolling/mod.rs	e086_isOkToUnroll,e252_size,e318_promoteForLoopBodyAndDelete,e423_lookup
e514_findOptimalNWaySplits	514/656	3	297	162	dcc/src/Transform/Sentient/LoopSplittingAndUnrolling.cpp:691	21070-21235	crates/compiler/deeptools/src/transform/sentient/loop_splitting_and_unrolling/mod.rs	e091_findAllSplitVals,e092_computeReducedCost,e252_size,e319_getAllTrueIndexOfIfOpsList,e422_insert
e515_getOrCreateTupleForIV	515/656	3	123	8	dcc/src/Transform/Sentient/MultiDimLoopPeeling.cpp:149	21244-21253	crates/compiler/deeptools/src/transform/sentient/multi_dim_loop_peeling/mod.rs	e242_getForLoopInfoIfIV,e422_insert
e516_processConditional	516/656	3	341	129	dcc/src/Transform/Sentient/MulticastCanonicalization.cpp:168	21262-21392	crates/compiler/deeptools/src/transform/sentient/multicast_canonicalization/mod.rs	e099_createNewProducerQMap,e252_size,e422_insert
e517_getSource	517/656	3	369	38	dcc/src/Transform/Sentient/OldRegisterInitialization.cpp:1144	21401-21441	crates/compiler/deeptools/src/transform/sentient/old_register_initialization/register_init_candidate_promoter.rs	e252_size,e333_constructValues,e396_replaceValue,e422_insert
e518_replace	518/656	3	373	17	dcc/src/Transform/Sentient/OldRegisterInitialization.cpp:1184	21450-21468	crates/compiler/deeptools/src/transform/sentient/old_register_initialization/register_init_candidate_promoter.rs	e422_insert
e519_processOneBlock	519/656	3	332	239	dcc/src/Transform/Sentient/OpRerolling.cpp:199	21477-21716	crates/compiler/deeptools/src/transform/sentient/op_rerolling/mod.rs	e115_reset,e248_getFoldModeAttributeIfExists,e335_fill,e336_match,e338_setUnrollFieldsInStmt,e453_updateRefOpUnrollInfo
e520_processDataID	520/656	3	384	67	dcc/src/Transform/Sentient/PortAssignment.cpp:93	21725-21793	crates/compiler/deeptools/src/transform/sentient/port_assignment/mod.rs	e422_insert
e521_runOnOperation	521/656	3	410	16	dcc/src/Transform/Sentient/RegisterInitialization.cpp:261	21802-21818	crates/compiler/deeptools/src/transform/sentient/register_initialization/mod.rs	e458_runOn
e522_runOnProgramUnitOp	522/656	3	421	21	dcc/src/Transform/Sentient/RegisterPacking.cpp:388	21827-21848	crates/compiler/deeptools/src/transform/sentient/register_packing/mod.rs	e134_doRenumbering,e459_computeNewRegisterIndices,e460_runOnAllOps,e461_runOnForOp,e462_runOnCopyOp
e523_processWorkList	523/656	3	437	93	dcc/src/Transform/Sentient/RegisterTypeAssignment.cpp:492	21857-21950	crates/compiler/deeptools/src/transform/sentient/register_type_assignment/mod.rs	e139_getLocale,e143_updateAssignment,e351_addToWorkListAndUpdateAssignment,e463_addToWorkListCreateCopyAndUpdateAssignment
e524_initializeAssignmentForAnOperation	524/656	3	433	383	dcc/src/Transform/Sentient/RegisterTypeAssignment.cpp:594	21959-22343	crates/compiler/deeptools/src/transform/sentient/register_type_assignment/mod.rs	e139_getLocale,e143_updateAssignment,e247_memoryOpRequiresImmutAddrScalarCopy,e252_size,e278_isValid,e351_addToWorkListAndUpdateAssignment,e463_addToWorkListCreateCopyAndUpdateAssignment
e525_runOnOperation	525/656	3	445	11	dcc/src/Transform/Sentient/RematerializationPass.cpp:163	22352-22363	crates/compiler/deeptools/src/transform/sentient/rematerialization_pass/mod.rs	e464_runOn
e526_processIfOp	526/656	3	450	22	dcc/src/Transform/Sentient/RemoveRedundantConditionals.cpp:98	22372-22394	crates/compiler/deeptools/src/transform/sentient/remove_redundant_conditionals/redundant_conditional_manager.rs	e465_updateIfOpBasedOnParentIfOp,e466_updateIfOpFeedingDynLoopBound
e527_collectSymbolUsage	527/656	3	468	38	dcc/src/Transform/Sentient/ScalarCopyInsertionForSymbols.cpp:236	22403-22442	crates/compiler/deeptools/src/transform/sentient/scalar_copy_insertion_for_symbols/mod.rs	e153_getLocale,e422_insert
e528_buildBlock	528/656	3	486	179	dcc/src/Transform/Sentient/ScalarOpMergingAndHoisting.cpp:644	22451-22631	crates/compiler/deeptools/src/transform/sentient/scalar_op_merging_and_hoisting/scalar_op_merging.rs	e158_doesValueExceedLRFRange,e162_addOpToBlock,e163_setEnablesMerging,e164_addUnrollCandidate,e252_size,e361_isImmutableValueInRange,e362_isFieldUnrollCandidate,e422_insert
e529_processForOpResult	529/656	3	495	13	dcc/src/Transform/Sentient/ScalarOpMergingAndHoisting.cpp:1484	22640-22656	crates/compiler/deeptools/src/transform/sentient/scalar_op_merging_and_hoisting/scalar_op_hoisting.rs	e171_isMergeableOpOrChain,e468_processMergeableChain
e530_processForDerivedIVElimination	530/656	3	501	38	dcc/src/Transform/Sentient/ScalarOpMergingAndHoisting.cpp:1843	22665-22704	crates/compiler/deeptools/src/transform/sentient/scalar_op_merging_and_hoisting/scalar_op_hoisting.rs	e171_isMergeableOpOrChain,e365_applyOperationData,e468_processMergeableChain
e531_findAndProcessCandidates	531/656	3	519	165	dcc/src/Transform/Sentient/ScalarOpReordering.cpp:207	22713-22879	crates/compiler/deeptools/src/transform/sentient/scalar_op_reordering/mod.rs	e177_getLiverangeEndPt,e368_getFirstUseWithinBlock,e370_localeHasFreeRegs,e422_insert,e470_isCandidateForReordering
e532_simplifyBinaryOperation	532/656	3	525	89	dcc/src/Transform/Sentient/ScalarSimplifications.cpp:315	22888-22980	crates/compiler/deeptools/src/transform/sentient/scalar_simplifications/mod.rs	e240_selectIndicesForUnits,e252_size,e372_areAllExprsValidToTransform,e392_getQueryKeyAndUnitsFromParentRegion,e472_createNewOpOrMap
e533_simplifyLoadStoreOperation	533/656	3	526	93	dcc/src/Transform/Sentient/ScalarSimplifications.cpp:408	22989-23084	crates/compiler/deeptools/src/transform/sentient/scalar_simplifications/mod.rs	e240_selectIndicesForUnits,e252_size,e372_areAllExprsValidToTransform,e392_getQueryKeyAndUnitsFromParentRegion,e472_createNewOpOrMap
e534_lightWeightSimplifyBinaryArithmetic	534/656	3	199	183	dcc/src/Transform/Sentient/ScalarSimplifications.cpp:504	23093-23278	crates/compiler/deeptools/src/transform/sentient/scalar_simplifications/sentient.rs	e240_selectIndicesForUnits,e252_size,e392_getQueryKeyAndUnitsFromParentRegion,e472_createNewOpOrMap
e535_runOn	535/656	3	529	4	dcc/src/Transform/Sentient/SetActiveMaskValueRE.cpp:73	23287-23291	crates/compiler/deeptools/src/transform/sentient/set_active_mask_value_re/mod.rs	e473_runOn
e536_runOnOperation	536/656	3	538	6	dcc/src/Transform/Sentient/SetMaskRE.cpp:144	23300-23306	crates/compiler/deeptools/src/transform/sentient/set_mask_re/mod.rs	e474_runOn
e537_runOn	537/656	3	556	4	dcc/src/Transform/Sentient/SetSendDestinationRE.cpp:164	23315-23319	crates/compiler/deeptools/src/transform/sentient/set_send_destination_re/mod.rs	e475_runOn
e538_runOn	538/656	3	577	7	dcc/src/Transform/Sentient/SinkScalarCopy.cpp:176	23328-23335	crates/compiler/deeptools/src/transform/sentient/sink_scalar_copy/mod.rs	e214_sinkCopyOps,e215_clear,e477_runOn,e539_runOn
e539_runOn	539/656	3	577	4	dcc/src/Transform/Sentient/SinkScalarCopy.cpp:184	23344-23348	crates/compiler/deeptools/src/transform/sentient/sink_scalar_copy/mod.rs	e477_runOn,e538_runOn
e540_runOnOperation	540/656	3	582	8	dcc/src/Transform/Sentient/SmartRegisterAllocation.cpp:626	23357-23365	crates/compiler/deeptools/src/transform/sentient/smart_register_allocation/mod.rs	e478_doRegisterAllocation
e541_runOnOperation	541/656	3	599	24	dcc/src/Transform/Sentient/StoreAndForwardFusion.cpp:555	23374-23398	crates/compiler/deeptools/src/transform/sentient/store_and_forward_fusion/mod.rs	e480_FuseStoreAndForward
e542_runOnOperation	542/656	3	609	5	dcc/src/Transform/Sentient/ToggleReordering.cpp:149	23407-23412	crates/compiler/deeptools/src/transform/sentient/toggle_reordering/mod.rs	e390_runOn,e481_runOn
e543_computeDependencies	543/656	3	616	13	dcc/src/Transform/Sentient/TransformForExposedPipeline.cpp:287	23421-23436	crates/compiler/deeptools/src/transform/sentient/transform_for_exposed_pipeline/mod.rs	e482_computeDependenciesSameBlock,e483_computeDependenciesAcrossBlocks
e544_runOn	544/656	3	621	7	dcc/src/Transform/Sentient/UniformMapCanonicalization.cpp:75	23445-23452	crates/compiler/deeptools/src/transform/sentient/uniform_map_canonicalization/mod.rs	e484_runOn,e545_runOn
e545_runOn	545/656	3	621	8	dcc/src/Transform/Sentient/UniformMapCanonicalization.cpp:96	23461-23469	crates/compiler/deeptools/src/transform/sentient/uniform_map_canonicalization/mod.rs	e238_cleanupConstants,e484_runOn,e544_runOn
e546_findAndReplaceRedundantIterArgsUsedInConditions	546/656	3	201	138	dcc/src/Transform/Sentient/Utils.cpp:257	23478-23617	crates/compiler/deeptools/src/transform/sentient/utils/mod.rs	e422_insert
e547_getMin	547/656	4	9	4	dcc/src/Transform/Sentient/AddressPinningAndToggle.cpp:235	23626-23630	crates/compiler/deeptools/src/transform/sentient/address_pinning_and_toggle/mod.rs	e278_isValid,e485_getX
e548_getMax	548/656	4	10	4	dcc/src/Transform/Sentient/AddressPinningAndToggle.cpp:240	23639-23643	crates/compiler/deeptools/src/transform/sentient/address_pinning_and_toggle/mod.rs	e278_isValid,e485_getX
e549_runOn	549/656	4	47	12	dcc/src/Transform/Sentient/AddressPinningAndToggle.cpp:1187	23652-23664	crates/compiler/deeptools/src/transform/sentient/address_pinning_and_toggle/mod.rs	e489_cleanup
e550_updateVariableOffsetCalculation	550/656	4	85	17	dcc/src/Transform/Sentient/AddressPinningAndToggle.cpp:1990	23673-23691	crates/compiler/deeptools/src/transform/sentient/address_pinning_and_toggle/toggle_data_transfer_updater.rs	e009_createOffsetValue,e263_getToggleDescriptor,e264_getToggleDescriptor,e402_getIterArgIndex,e485_getX
e551_updateConstantMutableAddr	551/656	4	79	29	dcc/src/Transform/Sentient/AddressPinningAndToggle.cpp:2009	23700-23730	crates/compiler/deeptools/src/transform/sentient/address_pinning_and_toggle/toggle_data_transfer_updater.rs	e009_createOffsetValue,e263_getToggleDescriptor,e264_getToggleDescriptor,e402_getIterArgIndex,e485_getX
e552_ToggleDescriptor	552/656	4	50	68	dcc/src/Transform/Sentient/AddressPinningAndToggle.cpp:2642	23739-23809	crates/compiler/deeptools/src/transform/sentient/address_pinning_and_toggle/toggle_descriptor.rs	e001_invalidate,e003_invalidate,e004_invalidate,e005_invalidate,e017_getOutermostConstInitialization,e485_getX
e553_dump	553/656	4	73	16	dcc/src/Transform/Sentient/AddressPinningAndToggle.cpp:2724	23818-23834	crates/compiler/deeptools/src/transform/sentient/address_pinning_and_toggle/toggle_descriptor.rs	e278_isValid,e279_canBeSimplified,e401_getC1,e485_getX
e554_runOnOperation	554/656	4	103	100	dcc/src/Transform/Sentient/AddressRegisterPrecisionAssignment.cpp:449	23843-23943	crates/compiler/deeptools/src/transform/sentient/address_register_precision_assignment/mod.rs	e019_initializePrecision,e252_size,e428_addToWorkListAndAssignPrecision,e494_processAddressSSAValue
e555_findPatternsAndSimplify	555/656	4	142	340	dcc/src/Transform/Sentient/CFGSimplificationSentientLevel.cpp:1101	23952-24293	crates/compiler/deeptools/src/transform/sentient/cfg_simplification_sentient_level/pattern_simplification_manager.rs	e027_print,e252_size,e286_recomputeAsDefaultVals,e289_computeTemplateSeqAndUpdateMonotoneSeq,e291_padTableSlice,e292_generateEncodingTypes,e293_generateEncodingTuple,e294_codeGenMonotoneTableSlice,e432_transformInContiguousSequenceCase,e433_transformInMonotoneSequenceCase,e434_parseSequence,e435_codeGenGenericNestedIf,e496_parseFixedDims
e556_deuniform	556/656	4	155	70	dcc/src/Transform/Sentient/Deuniform.cpp:375	24302-24374	crates/compiler/deeptools/src/transform/sentient/deuniform/mod.rs	e252_size,e298_duplicateAndUpdateEntriesOfQueryMap,e497_duplicateAndUpdateRegionsOfLocalRegionOps
e557_exploreOperation	557/656	4	167	57	dcc/src/Transform/Sentient/EnhancedDeadVariableElimination.cpp:367	24383-24440	crates/compiler/deeptools/src/transform/sentient/enhanced_dead_variable_elimination/mod.rs	e041_getInfluenceType,e498_updateForOperation,e499_updateIfOperation,e500_updateUniformizeRegionsOperation,e558_exploreBlock
e558_exploreBlock	558/656	4	167	23	dcc/src/Transform/Sentient/EnhancedDeadVariableElimination.cpp:426	24449-24472	crates/compiler/deeptools/src/transform/sentient/enhanced_dead_variable_elimination/mod.rs	e557_exploreOperation
e559_runOnOperation	559/656	4	179	5	dcc/src/Transform/Sentient/ImplicitSyncRE.cpp:82	24481-24486	crates/compiler/deeptools/src/transform/sentient/implicit_sync_re/mod.rs	e438_runOn,e501_runOn
e560_reduceLiveRange	560/656	4	216	28	dcc/src/Transform/Sentient/LiveRangeReduction.cpp:885	24495-24524	crates/compiler/deeptools/src/transform/sentient/live_range_reduction/mod.rs	e252_size,e441_findDominantValue,e502_reconstructOperation
e561_run	561/656	4	232	19	dcc/src/Transform/Sentient/LocalRegionSplittingForValueCommoning.cpp:252	24533-24553	crates/compiler/deeptools/src/transform/sentient/local_region_splitting_for_value_commoning/mod.rs	e064_dump,e065_dump,e444_analyze,e505_transform
e562_absorptionAnalysis	562/656	4	244	65	dcc/src/Transform/Sentient/LoopAbsorption.cpp:424	24562-24627	crates/compiler/deeptools/src/transform/sentient/loop_absorption/loop_absorption_manager.rs	e067_updateLoopBound,e070_removeNodesFromWorklistAndTree,e309_absorbIntoAnchorFromLeft,e310_absorbIntoAnchorFromRight,e506_canAbsorbToTheLeft,e507_canAbsorbToTheRight
e563_runOnOperation	563/656	4	253	74	dcc/src/Transform/Sentient/LoopCoalescing.cpp:302	24636-24710	crates/compiler/deeptools/src/transform/sentient/loop_coalescing/mod.rs	e252_size,e311_getCandidateLoops,e445_coalesceLoops,e498_updateForOperation,e546_findAndReplaceRedundantIterArgsUsedInConditions
e564_runLoopMerging	564/656	4	266	39	dcc/src/Transform/Sentient/LoopMerging.cpp:281	24719-24758	crates/compiler/deeptools/src/transform/sentient/loop_merging/mod.rs	e316_mergeLoops,e508_loopsAreMergeable
e565_collectDeltasOfOperands	565/656	4	280	109	dcc/src/Transform/Sentient/LoopRolling.cpp:392	24767-24877	crates/compiler/deeptools/src/transform/sentient/loop_rolling/mod.rs	e077_isIncrementField,e083_computeValsIfDifferent,e510_insertOperandKind,e511_insertOperandDelta
e566_getSavedCycleAndIbuffCost	566/656	4	298	117	dcc/src/Transform/Sentient/LoopSplittingAndUnrolling.cpp:335	24886-25005	crates/compiler/deeptools/src/transform/sentient/loop_splitting_and_unrolling/mod.rs	e088_ifOpUsesIV,e514_findOptimalNWaySplits
e567_doSplitOrUnroll	567/656	4	304	23	dcc/src/Transform/Sentient/LoopSplittingAndUnrolling.cpp:993	25014-25039	crates/compiler/deeptools/src/transform/sentient/loop_splitting_and_unrolling/mod.rs	e447_splitLoopNWay,e513_unrollLoop
e568_computePeelingInfo	568/656	4	310	49	dcc/src/Transform/Sentient/MultiDimLoopPeeling.cpp:351	25048-25098	crates/compiler/deeptools/src/transform/sentient/multi_dim_loop_peeling/loop_peeling_manager.rs	e245_reversePredicate,e515_getOrCreateTupleForIV
e569_runOn	569/656	4	342	43	dcc/src/Transform/Sentient/MulticastCanonicalization.cpp:327	25107-25150	crates/compiler/deeptools/src/transform/sentient/multicast_canonicalization/mod.rs	e098_processDirectMulticast,e324_processQMapOfDirectMulticast,e516_processConditional
e570_getFirstSource	570/656	4	370	5	dcc/src/Transform/Sentient/OldRegisterInitialization.cpp:788	25159-25165	crates/compiler/deeptools/src/transform/sentient/old_register_initialization/mod.rs	e517_getSource
e571_runOpRerolling	571/656	4	333	29	dcc/src/Transform/Sentient/OpRerolling.cpp:1008	25174-25203	crates/compiler/deeptools/src/transform/sentient/op_rerolling/mod.rs	e252_size,e334_mergeScalarOpIntoMac,e519_processOneBlock
e572_computePortLiveRange	572/656	4	385	40	dcc/src/Transform/Sentient/PortAssignment.cpp:165	25212-25252	crates/compiler/deeptools/src/transform/sentient/port_assignment/mod.rs	e252_size,e422_insert,e520_processDataID
e573_runOnOperation	573/656	4	422	11	dcc/src/Transform/Sentient/RegisterPacking.cpp:410	25261-25272	crates/compiler/deeptools/src/transform/sentient/register_packing/mod.rs	e133_cleanup,e522_runOnProgramUnitOp
e574_initializeWorkList	574/656	4	436	8	dcc/src/Transform/Sentient/RegisterTypeAssignment.cpp:987	25281-25289	crates/compiler/deeptools/src/transform/sentient/register_type_assignment/mod.rs	e138_clear,e422_insert,e524_initializeAssignmentForAnOperation
e575_runOnOperation	575/656	4	451	28	dcc/src/Transform/Sentient/RemoveRedundantConditionals.cpp:295	25298-25326	crates/compiler/deeptools/src/transform/sentient/remove_redundant_conditionals/mod.rs	e526_processIfOp
e576_runOn	576/656	4	471	67	dcc/src/Transform/Sentient/ScalarCopyInsertionForSymbols.cpp:148	25335-25402	crates/compiler/deeptools/src/transform/sentient/scalar_copy_insertion_for_symbols/mod.rs	e149_collectOpsOfInterest,e150_pessimizeLiveness,e155_dumpSymbolicLocales,e156_dumpCandidates,e252_size,e358_collectCandidates,e359_insertCopyOpsForCandidates,e360_dumpSymbolUsageInfo,e527_collectSymbolUsage
e577_collectBlocks	577/656	4	487	26	dcc/src/Transform/Sentient/ScalarOpMergingAndHoisting.cpp:869	25411-25437	crates/compiler/deeptools/src/transform/sentient/scalar_op_merging_and_hoisting/scalar_op_merging.rs	e422_insert,e528_buildBlock
e578_adjustCandidateForOpResult	578/656	4	499	19	dcc/src/Transform/Sentient/ScalarOpMergingAndHoisting.cpp:1514	25446-25466	crates/compiler/deeptools/src/transform/sentient/scalar_op_merging_and_hoisting/scalar_op_hoisting.rs	e170_addForOpResultAdjustment,e365_applyOperationData,e529_processForOpResult
e579_runOn	579/656	4	520	15	dcc/src/Transform/Sentient/ScalarOpReordering.cpp:191	25475-25490	crates/compiler/deeptools/src/transform/sentient/scalar_op_reordering/mod.rs	e176_computeOpIndexing,e531_findAndProcessCandidates
e580_runOldLightWeightSimplifications	580/656	4	200	25	dcc/src/Transform/Sentient/ScalarSimplifications.cpp:690	25499-25524	crates/compiler/deeptools/src/transform/sentient/scalar_simplifications/sentient.rs	e534_lightWeightSimplifyBinaryArithmetic
e581_runOnOperation	581/656	4	527	54	dcc/src/Transform/Sentient/ScalarSimplifications.cpp:872	25533-25587	crates/compiler/deeptools/src/transform/sentient/scalar_simplifications/mod.rs	e471_simplifyConditionals,e532_simplifyBinaryOperation,e533_simplifyLoadStoreOperation
e582_runOnOperation	582/656	4	530	5	dcc/src/Transform/Sentient/SetActiveMaskValueRE.cpp:78	25596-25601	crates/compiler/deeptools/src/transform/sentient/set_active_mask_value_re/mod.rs	e473_runOn,e535_runOn
e583_runOnOperation	583/656	4	557	5	dcc/src/Transform/Sentient/SetSendDestinationRE.cpp:169	25610-25615	crates/compiler/deeptools/src/transform/sentient/set_send_destination_re/mod.rs	e475_runOn,e537_runOn
e584_runOnOperation	584/656	4	578	7	dcc/src/Transform/Sentient/SinkScalarCopy.cpp:167	25624-25631	crates/compiler/deeptools/src/transform/sentient/sink_scalar_copy/mod.rs	e477_runOn,e538_runOn,e539_runOn
e585_runOnOperation	585/656	4	618	35	dcc/src/Transform/Sentient/TransformForExposedPipeline.cpp:341	25640-25675	crates/compiler/deeptools/src/transform/sentient/transform_for_exposed_pipeline/mod.rs	e235_cleanUp,e237_insertNOPOperations,e543_computeDependencies
e586_runOnOperation	586/656	4	622	5	dcc/src/Transform/Sentient/UniformMapCanonicalization.cpp:58	25684-25689	crates/compiler/deeptools/src/transform/sentient/uniform_map_canonicalization/mod.rs	e484_runOn,e544_runOn,e545_runOn
e587_getMin	587/656	5	32	4	dcc/src/Transform/Sentient/AddressPinningAndToggle.cpp:749	25698-25702	crates/compiler/deeptools/src/transform/sentient/address_pinning_and_toggle/mod.rs	e399_getMin,e403_getMin,e405_getMin,e409_getMin,e412_getMin,e547_getMin,e589_getMin
e588_getMax	588/656	5	33	4	dcc/src/Transform/Sentient/AddressPinningAndToggle.cpp:754	25711-25715	crates/compiler/deeptools/src/transform/sentient/address_pinning_and_toggle/mod.rs	e400_getMax,e404_getMax,e406_getMax,e410_getMax,e413_getMax,e548_getMax,e590_getMax
e589_getMin	589/656	5	32	9	dcc/src/Transform/Sentient/AddressPinningAndToggle.cpp:829	25724-25733	crates/compiler/deeptools/src/transform/sentient/address_pinning_and_toggle/mod.rs	e399_getMin,e403_getMin,e405_getMin,e409_getMin,e412_getMin,e547_getMin,e587_getMin
e590_getMax	590/656	5	33	14	dcc/src/Transform/Sentient/AddressPinningAndToggle.cpp:839	25742-25756	crates/compiler/deeptools/src/transform/sentient/address_pinning_and_toggle/mod.rs	e400_getMax,e404_getMax,e406_getMax,e410_getMax,e413_getMax,e548_getMax,e588_getMax
e591_runOnOperation	591/656	5	48	9	dcc/src/Transform/Sentient/AddressPinningAndToggle.cpp:1200	25765-25774	crates/compiler/deeptools/src/transform/sentient/address_pinning_and_toggle/mod.rs	e549_runOn
e592_updateHeadOfChainMutableAddrInitializer	592/656	5	76	92	dcc/src/Transform/Sentient/AddressPinningAndToggle.cpp:1799	25783-25876	crates/compiler/deeptools/src/transform/sentient/address_pinning_and_toggle/abstract_data_transfer_updater.rs	e009_createOffsetValue,e011_getOffset,e012_getOffset,e013_getOffset,e014_dump,e257_getBaseAddr,e418_getOffset,e424_dump,e425_dump,e426_dump,e427_dump,e492_dump,e493_dump,e553_dump
e593_initializeDescriptor	593/656	5	57	161	dcc/src/Transform/Sentient/AddressPinningAndToggle.cpp:2316	25885-26046	crates/compiler/deeptools/src/transform/sentient/address_pinning_and_toggle/data_transfer_descriptor.rs	e002_getAllConstants,e015_getInit,e016_ConditionalConstantDescriptor,e252_size,e278_isValid,e279_canBeSimplified,e280_IntegerSequenceDescriptor,e281_DiscreteIntegerSetDescriptor,e282_LoopingChainMutableAddrDescriptor,e407_getInit,e408_getAllConstants,e411_getInit,e414_getInit,e485_getX,e492_dump,e552_ToggleDescriptor
e594_runOnOperation	594/656	5	143	201	dcc/src/Transform/Sentient/CFGSimplificationSentientLevel.cpp:713	26055-26256	crates/compiler/deeptools/src/transform/sentient/cfg_simplification_sentient_level/mod.rs	e027_print,e278_isValid,e422_insert,e515_getOrCreateTupleForIV,e555_findPatternsAndSimplify
e595_deuniform	595/656	5	156	30	dcc/src/Transform/Sentient/Deuniform.cpp:448	26265-26298	crates/compiler/deeptools/src/transform/sentient/deuniform/mod.rs	e252_size,e556_deuniform
e596_updateProgramUnit	596/656	5	168	3	dcc/src/Transform/Sentient/EnhancedDeadVariableElimination.cpp:451	26307-26310	crates/compiler/deeptools/src/transform/sentient/enhanced_dead_variable_elimination/mod.rs	e558_exploreBlock
e597_runLightWeightSimplifications	597/656	5	202	144	dcc/src/Transform/Sentient/LightweightSimplification.cpp:180	26319-26464	crates/compiler/deeptools/src/transform/sentient/lightweight_simplification/sentient.rs	e052_addOrSubWithZeroSimplification,e053_constantValueSimplification,e054_coalesceScalarArithSimplification,e055_simplifyTrivialLoop,e252_size,e498_updateForOperation,e546_findAndReplaceRedundantIterArgsUsedInConditions,e580_runOldLightWeightSimplifications
e598_runOnOperation	598/656	5	222	45	dcc/src/Transform/Sentient/LiveRangeReduction.cpp:1267	26473-26518	crates/compiler/deeptools/src/transform/sentient/live_range_reduction/mod.rs	e304_printSsaMap,e503_mapAllValues,e504_optimizeUniformRegionYieldedValues,e560_reduceLiveRange
e599_runOn	599/656	5	233	11	dcc/src/Transform/Sentient/LocalRegionSplittingForValueCommoning.cpp:240	26527-26539	crates/compiler/deeptools/src/transform/sentient/local_region_splitting_for_value_commoning/mod.rs	e561_run
e600_runLoopAbsorption	600/656	5	245	48	dcc/src/Transform/Sentient/LoopAbsorption.cpp:495	26548-26596	crates/compiler/deeptools/src/transform/sentient/loop_absorption/mod.rs	e562_absorptionAnalysis
e601_runOn	601/656	5	267	13	dcc/src/Transform/Sentient/LoopMerging.cpp:321	26605-26618	crates/compiler/deeptools/src/transform/sentient/loop_merging/mod.rs	e564_runLoopMerging
e602_compareToNextWindow	602/656	5	281	67	dcc/src/Transform/Sentient/LoopRolling.cpp:321	26627-26695	crates/compiler/deeptools/src/transform/sentient/loop_rolling/mod.rs	e078_setEffectiveStart,e079_checkOpUsage,e252_size,e317_checkDeltasOfOperands,e565_collectDeltasOfOperands
e603_findBestLoopNodeToOptimize	603/656	5	300	69	dcc/src/Transform/Sentient/LoopSplittingAndUnrolling.cpp:479	26704-26776	crates/compiler/deeptools/src/transform/sentient/loop_splitting_and_unrolling/mod.rs	e088_ifOpUsesIV,e089_hasIfOps,e566_getSavedCycleAndIbuffCost
e604_findCandidates	604/656	5	311	30	dcc/src/Transform/Sentient/MultiDimLoopPeeling.cpp:402	26785-26815	crates/compiler/deeptools/src/transform/sentient/multi_dim_loop_peeling/loop_peeling_manager.rs	e093_stringifyPeelingType,e094_insertOrUpdatePeelingType,e568_computePeelingInfo
e605_runOn	605/656	5	343	24	dcc/src/Transform/Sentient/MulticastCanonicalization.cpp:371	26824-26848	crates/compiler/deeptools/src/transform/sentient/multicast_canonicalization/mod.rs	e097_runOn,e569_runOn
e606_run	606/656	5	377	224	dcc/src/Transform/Sentient/OldRegisterInitialization.cpp:811	26857-27081	crates/compiler/deeptools/src/transform/sentient/old_register_initialization/register_init_candidate_promoter.rs	e063_getMaxRegNum,e108_removeInitAttrFromOps,e109_eraseDeletedOps,e110_hasSameAttr,e111_isWithinGlobalRegion,e112_isSameOpType,e249_normalizeNullValues,e251_add,e252_size,e253_areAllValuesEqual,e332_moveSSAToInit,e422_insert,e452_postProcessing,e517_getSource,e518_replace,e570_getFirstSource
e607_runOnOperation	607/656	5	382	13	dcc/src/Transform/Sentient/OpRerolling.cpp:994	27090-27103	crates/compiler/deeptools/src/transform/sentient/op_rerolling/mod.rs	e571_runOpRerolling
e608_buildGraphEdges	608/656	5	391	37	dcc/src/Transform/Sentient/PortAssignment.cpp:644	27112-27149	crates/compiler/deeptools/src/transform/sentient/port_assignment/mod.rs	e572_computePortLiveRange
e609_runOn	609/656	5	438	55	dcc/src/Transform/Sentient/RegisterTypeAssignment.cpp:996	27158-27213	crates/compiler/deeptools/src/transform/sentient/register_type_assignment/mod.rs	e352_updateProgramUnit,e523_processWorkList,e574_initializeWorkList
e610_runOnOperation	610/656	5	472	17	dcc/src/Transform/Sentient/ScalarCopyInsertionForSymbols.cpp:130	27222-27239	crates/compiler/deeptools/src/transform/sentient/scalar_copy_insertion_for_symbols/mod.rs	e152_clear,e576_runOn
e611_runScalarOpMerging	611/656	5	490	10	dcc/src/Transform/Sentient/ScalarOpMergingAndHoisting.cpp:569	27248-27258	crates/compiler/deeptools/src/transform/sentient/scalar_op_merging_and_hoisting/scalar_op_merging.rs	e363_markFieldUnrollingCandidates,e364_doScalarOpMerging,e577_collectBlocks
e612_processForLinearChain	612/656	5	503	129	dcc/src/Transform/Sentient/ScalarOpMergingAndHoisting.cpp:1893	27267-27397	crates/compiler/deeptools/src/transform/sentient/scalar_op_merging_and_hoisting/scalar_op_hoisting.rs	e361_isImmutableValueInRange,e469_hoistForLinearChain,e578_adjustCandidateForOpResult
e613_processForGenericHoisting	613/656	5	504	81	dcc/src/Transform/Sentient/ScalarOpMergingAndHoisting.cpp:2075	27406-27488	crates/compiler/deeptools/src/transform/sentient/scalar_op_merging_and_hoisting/scalar_op_hoisting.rs	e171_isMergeableOpOrChain,e173_hoistCandidateOutOfLoop,e365_applyOperationData,e578_adjustCandidateForOpResult
e614_computeAddressInfoList	614/656	6	96	59	dcc/src/Transform/Sentient/AddressPinningAndToggle.cpp:1675	27497-27556	crates/compiler/deeptools/src/transform/sentient/address_pinning_and_toggle/mod.rs	e007_isPartOfSomeChain,e258_isToggle,e273_isHeadOfChain,e278_isValid,e399_getMin,e400_getMax,e403_getMin,e404_getMax,e405_getMin,e406_getMax,e409_getMin,e410_getMax,e412_getMin,e413_getMax,e547_getMin,e548_getMax,e587_getMin,e588_getMax,e589_getMin,e590_getMax
e615_updateImmutableAddr	615/656	6	77	20	dcc/src/Transform/Sentient/AddressPinningAndToggle.cpp:2043	27565-27586	crates/compiler/deeptools/src/transform/sentient/address_pinning_and_toggle/conditional_const_data_transfer_updater.rs	e009_createOffsetValue,e265_getConditionalConstantDescriptor,e266_getConditionalConstantDescriptor,e278_isValid,e399_getMin,e400_getMax,e403_getMin,e404_getMax,e405_getMin,e406_getMax,e409_getMin,e410_getMax,e412_getMin,e413_getMax,e547_getMin,e548_getMax,e587_getMin,e588_getMax,e589_getMin,e590_getMax
e616_updateConstantMutableAddr	616/656	6	84	21	dcc/src/Transform/Sentient/AddressPinningAndToggle.cpp:2088	27595-27617	crates/compiler/deeptools/src/transform/sentient/address_pinning_and_toggle/conditional_const_data_transfer_updater.rs	e011_getOffset,e012_getOffset,e013_getOffset,e265_getConditionalConstantDescriptor,e266_getConditionalConstantDescriptor,e277_updateVariableOffsetCalculation,e400_getMax,e404_getMax,e406_getMax,e410_getMax,e413_getMax,e418_getOffset,e548_getMax,e588_getMax,e590_getMax
e617_updateImmutableAddr	617/656	6	72	15	dcc/src/Transform/Sentient/AddressPinningAndToggle.cpp:2114	27626-27642	crates/compiler/deeptools/src/transform/sentient/address_pinning_and_toggle/integer_sequence_data_transfer_updater.rs	e009_createOffsetValue,e267_getIntegerSequenceDescriptor,e268_getIntegerSequenceDescriptor,e278_isValid,e399_getMin,e400_getMax,e403_getMin,e404_getMax,e405_getMin,e406_getMax,e409_getMin,e410_getMax,e412_getMin,e413_getMax,e547_getMin,e548_getMax,e587_getMin,e588_getMax,e589_getMin,e590_getMax
e618_updateConstantMutableAddr	618/656	6	82	21	dcc/src/Transform/Sentient/AddressPinningAndToggle.cpp:2143	27651-27673	crates/compiler/deeptools/src/transform/sentient/address_pinning_and_toggle/integer_sequence_data_transfer_updater.rs	e011_getOffset,e012_getOffset,e013_getOffset,e267_getIntegerSequenceDescriptor,e268_getIntegerSequenceDescriptor,e400_getMax,e404_getMax,e406_getMax,e410_getMax,e413_getMax,e418_getOffset,e490_updateVariableOffsetCalculation,e548_getMax,e588_getMax,e590_getMax
e619_LXDataTransferDescriptor	619/656	6	60	23	dcc/src/Transform/Sentient/AddressPinningAndToggle.cpp:2553	27682-27708	crates/compiler/deeptools/src/transform/sentient/address_pinning_and_toggle/lx_data_transfer_descriptor.rs	e593_initializeDescriptor
e620_HBMDataTransferDescriptor	620/656	6	58	34	dcc/src/Transform/Sentient/AddressPinningAndToggle.cpp:2583	27717-27758	crates/compiler/deeptools/src/transform/sentient/address_pinning_and_toggle/hbm_data_transfer_descriptor.rs	e262_isLoopingChainMutableAddr,e278_isValid,e593_initializeDescriptor
e621_runOnOperation	621/656	6	157	42	dcc/src/Transform/Sentient/Deuniform.cpp:482	27767-27809	crates/compiler/deeptools/src/transform/sentient/deuniform/mod.rs	e039_existsInCollection,e252_size,e297_simplifyProgramUnitOp,e556_deuniform,e595_deuniform
e622_runOn	622/656	6	169	36	dcc/src/Transform/Sentient/EnhancedDeadVariableElimination.cpp:710	27818-27854	crates/compiler/deeptools/src/transform/sentient/enhanced_dead_variable_elimination/mod.rs	e043_removeConstantIterArgs,e300_processWorkList,e437_initializeWorkList,e596_updateProgramUnit
e623_runOnOperation	623/656	6	203	12	dcc/src/Transform/Sentient/LightweightSimplification.cpp:335	27863-27875	crates/compiler/deeptools/src/transform/sentient/lightweight_simplification/mod.rs	e597_runLightWeightSimplifications
e624_runOnOperation	624/656	6	234	6	dcc/src/Transform/Sentient/LocalRegionSplittingForValueCommoning.cpp:233	27884-27890	crates/compiler/deeptools/src/transform/sentient/local_region_splitting_for_value_commoning/mod.rs	e599_runOn
e625_runOn	625/656	6	246	13	dcc/src/Transform/Sentient/LoopAbsorption.cpp:544	27899-27912	crates/compiler/deeptools/src/transform/sentient/loop_absorption/mod.rs	e600_runLoopAbsorption
e626_runOn	626/656	6	260	79	dcc/src/Transform/Sentient/LoopEliminationViaRerolling.cpp:330	27921-28000	crates/compiler/deeptools/src/transform/sentient/loop_elimination_via_rerolling/mod.rs	e313_isCandidate,e314_removeLoopsContainingLoadSendOrReceiveStore,e315_removeLoopsContainingComputeOp,e597_runLightWeightSimplifications
e627_runOnOperation	627/656	6	268	5	dcc/src/Transform/Sentient/LoopMerging.cpp:335	28009-28014	crates/compiler/deeptools/src/transform/sentient/loop_merging/mod.rs	e601_runOn
e628_matchAndRoll	628/656	6	284	104	dcc/src/Transform/Sentient/LoopRolling.cpp:758	28023-28127	crates/compiler/deeptools/src/transform/sentient/loop_rolling/mod.rs	e081_deleteMatchedOps,e082_updateEndOpsOfMatchedOps,e084_updateBody,e252_size,e512_collectStartingValIterArgs,e602_compareToNextWindow
e629_runOnOperation	629/656	6	305	61	dcc/src/Transform/Sentient/LoopSplittingAndUnrolling.cpp:1019	28136-28197	crates/compiler/deeptools/src/transform/sentient/loop_splitting_and_unrolling/mod.rs	e087_cleanupAndRecalculate,e567_doSplitOrUnroll,e597_runLightWeightSimplifications,e603_findBestLoopNodeToOptimize
e630_run	630/656	6	334	130	dcc/src/Transform/Sentient/MultiDimLoopPeeling.cpp:607	28206-28336	crates/compiler/deeptools/src/transform/sentient/multi_dim_loop_peeling/loop_peeling_manager.rs	e321_printLoopToPeelingType,e448_performLoopPeeling,e564_runLoopMerging,e571_runOpRerolling,e597_runLightWeightSimplifications,e600_runLoopAbsorption,e604_findCandidates
e631_promoteRegisterInitCandidatesAboveUniformRegion	631/656	6	378	5	dcc/src/Transform/Sentient/OldRegisterInitialization.cpp:1036	28345-28354	crates/compiler/deeptools/src/transform/sentient/old_register_initialization/mod.rs	e606_run
e632_doPortAssignments	632/656	6	395	12	dcc/src/Transform/Sentient/PortAssignment.cpp:776	28363-28376	crates/compiler/deeptools/src/transform/sentient/port_assignment/mod.rs	e123_clean,e340_updateSentientIRPorts,e341_addReuseToDummyOperands,e382_performGraphColoring,e455_buildGraphNodes,e608_buildGraphEdges
e633_runOnOperation	633/656	6	439	17	dcc/src/Transform/Sentient/RegisterTypeAssignment.cpp:113	28385-28402	crates/compiler/deeptools/src/transform/sentient/register_type_assignment/mod.rs	e524_initializeAssignmentForAnOperation,e609_runOn
e634_runOn	634/656	6	458	118	dcc/src/Transform/Sentient/ReuseLoopIteratorArguments.cpp:140	28411-28529	crates/compiler/deeptools/src/transform/sentient/reuse_loop_iterator_arguments/mod.rs	e356_reuseIdenticalIterArgs,e467_replaceCorrelatedIterArgsInEquivClass,e597_runLightWeightSimplifications
e635_runScalarOpHoisting	635/656	6	505	61	dcc/src/Transform/Sentient/ScalarOpMergingAndHoisting.cpp:2184	28538-28599	crates/compiler/deeptools/src/transform/sentient/scalar_op_merging_and_hoisting/scalar_op_hoisting.rs	e530_processForDerivedIVElimination,e612_processForLinearChain,e613_processForGenericHoisting
e636_runOn	636/656	6	507	14	dcc/src/Transform/Sentient/ScalarOpMergingAndHoisting.cpp:2389	28608-28622	crates/compiler/deeptools/src/transform/sentient/scalar_op_merging_and_hoisting/mod.rs	e366_runOn,e597_runLightWeightSimplifications
e637_collectDataTransfers	637/656	7	61	41	dcc/src/Transform/Sentient/AddressPinningAndToggle.cpp:1395	28631-28674	crates/compiler/deeptools/src/transform/sentient/address_pinning_and_toggle/mod.rs	e422_insert,e619_LXDataTransferDescriptor,e620_HBMDataTransferDescriptor
e638_update	638/656	7	86	60	dcc/src/Transform/Sentient/AddressPinningAndToggle.cpp:1738	28683-28743	crates/compiler/deeptools/src/transform/sentient/address_pinning_and_toggle/abstract_data_transfer_updater.rs	e007_isPartOfSomeChain,e010_updateVariableOffsetCalculation,e011_getOffset,e012_getOffset,e013_getOffset,e014_dump,e273_isHeadOfChain,e276_updateImmutableAddr,e277_updateVariableOffsetCalculation,e417_isHeadOfLoopingChain,e418_getOffset,e420_updateImmutableAddr,e421_updateConstantMutableAddr,e423_lookup,e424_dump,e425_dump,e426_dump,e427_dump,e490_updateVariableOffsetCalculation,e492_dump,e493_dump,e550_updateVariableOffsetCalculation,e551_updateConstantMutableAddr,e553_dump,e592_updateHeadOfChainMutableAddrInitializer,e615_updateImmutableAddr,e616_updateConstantMutableAddr,e617_updateImmutableAddr,e618_updateConstantMutableAddr
e639_runOnOperation	639/656	7	170	6	dcc/src/Transform/Sentient/EnhancedDeadVariableElimination.cpp:58	28752-28758	crates/compiler/deeptools/src/transform/sentient/enhanced_dead_variable_elimination/mod.rs	e622_runOn
e640_runOnOperation	640/656	7	247	5	dcc/src/Transform/Sentient/LoopAbsorption.cpp:558	28767-28772	crates/compiler/deeptools/src/transform/sentient/loop_absorption/mod.rs	e625_runOn
e641_runOnOperation	641/656	7	261	8	dcc/src/Transform/Sentient/LoopEliminationViaRerolling.cpp:410	28781-28789	crates/compiler/deeptools/src/transform/sentient/loop_elimination_via_rerolling/mod.rs	e626_runOn
e642_rollInstrsInBlock	642/656	7	285	77	dcc/src/Transform/Sentient/LoopRolling.cpp:886	28798-28877	crates/compiler/deeptools/src/transform/sentient/loop_rolling/mod.rs	e509_insertNextInstr,e628_matchAndRoll
e643_runOnOperation	643/656	7	335	34	dcc/src/Transform/Sentient/MultiDimLoopPeeling.cpp:738	28886-28920	crates/compiler/deeptools/src/transform/sentient/multi_dim_loop_peeling/mod.rs	e630_run
e644_runOnOperation	644/656	7	379	111	dcc/src/Transform/Sentient/OldRegisterInitialization.cpp:1203	28929-29040	crates/compiler/deeptools/src/transform/sentient/old_register_initialization/mod.rs	e107_hasUniformizeRegion,e108_removeInitAttrFromOps,e327_calcSSAWeight,e328_sortRegCoalescingCandidates,e329_collectAllRegCoalescingCandidates,e332_moveSSAToInit,e422_insert,e449_calcSSAWeight,e450_collectAllRegCoalescingCandidates,e451_collectRegInitAndRegCoalescingCandidateFast,e631_promoteRegisterInitCandidatesAboveUniformRegion
e645_runOnOperation	645/656	7	396	21	dcc/src/Transform/Sentient/PortAssignment.cpp:793	29049-29070	crates/compiler/deeptools/src/transform/sentient/port_assignment/mod.rs	e632_doPortAssignments
e646_runOnOperation	646/656	7	508	5	dcc/src/Transform/Sentient/ScalarOpMergingAndHoisting.cpp:2404	29079-29084	crates/compiler/deeptools/src/transform/sentient/scalar_op_merging_and_hoisting/mod.rs	e366_runOn,e636_runOn
e647_CollectDataTransfersAndComputeMaxStreams	647/656	8	62	39	dcc/src/Transform/Sentient/AddressPinningAndToggle.cpp:1293	29093-29134	crates/compiler/deeptools/src/transform/sentient/address_pinning_and_toggle/mod.rs	e637_collectDataTransfers
e648_processToggle	648/656	8	90	13	dcc/src/Transform/Sentient/AddressPinningAndToggle.cpp:1522	29143-29159	crates/compiler/deeptools/src/transform/sentient/address_pinning_and_toggle/mod.rs	e263_getToggleDescriptor,e264_getToggleDescriptor,e278_isValid,e638_update
e649_processConditionalConstant	649/656	8	89	10	dcc/src/Transform/Sentient/AddressPinningAndToggle.cpp:1539	29168-29181	crates/compiler/deeptools/src/transform/sentient/address_pinning_and_toggle/mod.rs	e638_update
e650_processIntegerSequence	650/656	8	87	8	dcc/src/Transform/Sentient/AddressPinningAndToggle.cpp:1553	29190-29201	crates/compiler/deeptools/src/transform/sentient/address_pinning_and_toggle/mod.rs	e638_update
e651_processSimpleConstant	651/656	8	88	6	dcc/src/Transform/Sentient/AddressPinningAndToggle.cpp:1565	29210-29219	crates/compiler/deeptools/src/transform/sentient/address_pinning_and_toggle/mod.rs	e638_update
e652_runOnOperation	652/656	8	286	53	dcc/src/Transform/Sentient/LoopRolling.cpp:966	29228-29281	crates/compiler/deeptools/src/transform/sentient/loop_rolling/mod.rs	e252_size,e642_rollInstrsInBlock
e653_processDataTransfer	653/656	9	91	26	dcc/src/Transform/Sentient/AddressPinningAndToggle.cpp:1492	29290-29319	crates/compiler/deeptools/src/transform/sentient/address_pinning_and_toggle/mod.rs	e252_size,e258_isToggle,e259_isConditionalConstant,e260_isIntegerSequence,e278_isValid,e279_canBeSimplified,e488_computeOrGetNumberOfStreams,e648_processToggle,e649_processConditionalConstant,e650_processIntegerSequence,e651_processSimpleConstant
e654_processDataTransfer	654/656	10	92	34	dcc/src/Transform/Sentient/AddressPinningAndToggle.cpp:1456	29328-29363	crates/compiler/deeptools/src/transform/sentient/address_pinning_and_toggle/mod.rs	e653_processDataTransfer
e655_processDataTransfers	655/656	11	93	4	dcc/src/Transform/Sentient/AddressPinningAndToggle.cpp:1450	29372-29377	crates/compiler/deeptools/src/transform/sentient/address_pinning_and_toggle/mod.rs	e653_processDataTransfer,e654_processDataTransfer
e656_runOn	656/656	12	97	57	dcc/src/Transform/Sentient/AddressPinningAndToggle.cpp:1337	29386-29443	crates/compiler/deeptools/src/transform/sentient/address_pinning_and_toggle/mod.rs	e014_dump,e221_initialize,e252_size,e419_turnHBMConstantOpAddrsToQueryMapsInUniformRegions,e488_computeOrGetNumberOfStreams,e489_cleanup,e491_computeChainingInfo,e614_computeAddressInfoList,e647_CollectDataTransfersAndComputeMaxStreams,e655_processDataTransfers
